Zeitpunkt,Andechs/Rothenfeld,Ansbach/Residenzstraße,Aschaffenburg/Bussardweg,Augsburg/Bourges-Platz,Augsburg/Karlstraße,Augsburg/Königsplatz,Augsburg/LfU,Bad Hindelang/Oberjoch,Bad Reichenhall/Kirchholzstraße,Bamberg/Löwenbrücke,Bayreuth/Hohenzollernring,Burgbernheim/Grüne Au,Burghausen/Marktler Straße,Erlangen/Kraepelinstraße,Garmisch-Partenkirchen/Wasserwerk,Hof/LfU,Ingolstadt/Münchener Straße,Ingolstadt/Rechbergstraße,Kelheim/Regensburger Straße,Kempten (Allgäu)/Westendstraße,Kleinwallstadt/Hofstetter Straße,Kulmbach/Konrad-Adenauer-Straße,Landshut/Podewilsstraße,Lindau (Bodensee)/Friedrichshafener Str.,Mehring/Sportplatz,München/Allach,München/Johanneskirchen,München/Landshuter Allee,München/Lothstraße,München/Stachus,Neu-Ulm/Gabelsbergerstraße,Neustadt a.d. Aisch/An der Weißen Marter,Neustadt a.d.Donau/Eining,Nürnberg/Bahnhof,Nürnberg/Muggenhof,Nürnberg/Von-der-Tann-Straße,Oberaudorf/Inntal-Autobahn,Oettingen/Goethestraße,Passau/Stelzhamerstraße,Regensburg/Rathaus,Saal a.d.Donau/Regensburger Straße,Schwabach/Angerstraße,Schwandorf/Wackersdorfer Straße,Schweinfurt/Obertor,Tiefenbach/Altenschneeberg,Trostberg/Schwimmbadstraße,Weiden i.d.OPf./Nikolaistraße,Würzburg/Stadtring Süd
01.02.2022 01:00,4,7,11,8,8,10,6,11,9,6,9,6,8,7,4,8,8,5,5,2,7,22,8,5,7,5,6,14,9,11,11,7,6,12,8,8,9,5,7,11,5,6,6,10,5,6,8,14
01.02.2022 02:00,4,7,13,8,9,11,6,15,10,7,12,6,7,5,4,7,8,4,6,2,7,21,8,5,7,5,5,11,9,9,6,6,6,9,11,9,6,5,7,10,7,7,6,7,4,5,8,12
01.02.2022 03:00,5,7,13,7,7,8,6,7,8,6,9,6,7,6,4,7,7,6,6,3,9,9,9,5,7,6,6,12,9,9,4,7,6,12,17,11,7,6,6,8,7,5,7,9,5,5,7,11
01.02.2022 04:00,7,7,11,7,7,8,6,12,11,6,11,5,6,6,6,8,10,6,6,2,7,9,9,5,6,6,7,12,8,7,8,8,6,12,8,10,7,5,6,9,6,8,6,11,5,5,11,14
01.02.2022 05:00,6,9,9,8,8,8,6,20,8,7,13,6,9,7,5,7,9,5,6,5,7,8,9,4,6,7,6,15,8,9,18,10,6,11,8,9,6,5,8,11,9,10,6,12,5,6,17,15
01.02.2022 06:00,8,18,10,11,23,18,8,15,6,6,15,7,10,7,11,10,19,8,8,6,9,12,11,6,7,9,9,37,10,11,14,10,6,21,16,15,7,6,11,12,10,9,9,16,4,6,14,11
01.02.2022 07:00,7,18,16,15,34,30,9,23,8,8,23,6,13,8,10,11,29,14,9,5,15,18,17,8,6,13,12,57,14,24,12,10,6,39,25,19,10,4,19,28,12,11,13,14,4,6,19,21
01.02.2022 08:00,8,25,22,14,38,25,8,24,11,9,33,7,15,9,7,12,37,20,15,9,16,29,26,10,6,16,18,85,25,44,31,8,7,37,27,24,15,4,30,35,14,14,24,18,5,7,25,40
01.02.2022 09:00,7,27,19,13,38,23,9,16,13,7,24,6,14,7,11,16,28,17,18,5,14,22,26,10,10,12,17,66,21,32,25,10,7,34,20,16,19,4,27,32,11,12,13,22,5,11,19,28
01.02.2022 10:00,7,26,14,13,42,26,9,27,12,6,22,7,15,8,9,13,20,9,21,4,10,22,20,10,10,11,11,66,15,27,24,11,7,34,20,18,16,5,26,31,13,11,19,21,5,12,17,29
01.02.2022 11:00,5,21,11,13,37,30,13,20,19,8,24,6,15,8,6,8,22,12,16,5,9,19,18,10,11,11,10,68,17,32,22,7,6,31,17,16,16,5,25,27,12,10,15,21,4,10,18,24
01.02.2022 12:00,5,    # ,13,10,29,19,10,19,16,11,20,9,10,6,8,7,21,11,15,6,9,13,17,10,8,11,9,64,13,43,22,7,6,26,13,13,12,5,25,27,8,10,11,16,4,8,16,23
01.02.2022 13:00,5,    # ,12,10,25,18,9,23,11,7,22,9,11,8,5,9,23,11,15,7,13,12,18,9,9,9,7,53,13,38,18,8,7,28,16,18,13,7,18,25,7,12,9,15,4,7,15,35
01.02.2022 14:00,4,17,15,9,24,16,7,20,8,8,20,7,12,8,6,8,19,10,13,6,15,13,20,10,8,9,8,47,13,31,17,8,9,39,15,18,13,6,20,29,7,12,12,17,5,6,12,28
01.02.2022 15:00,5,19,17,10,20,16,8,18,9,11,19,8,11,8,6,7,16,11,14,5,16,14,18,12,7,9,9,54,15,32,20,9,8,33,21,19,14,5,23,26,8,13,11,19,6,6,14,28
01.02.2022 16:00,4,19,16,10,19,14,7,22,15,12,20,7,10,9,4,9,16,11,17,6,15,16,24,13,6,9,9,42,15,27,22,9,8,18,26,19,36,5,26,25,8,12,12,18,6,6,20,25
01.02.2022 17:00,3,24,14,11,23,16,8,23,17,10,22,8,11,10,4,9,18,14,13,6,14,15,21,25,8,7,9,39,17,26,21,9,9,21,26,18,19,6,34,28,8,12,11,20,6,6,20,38
01.02.2022 18:00,3,20,19,11,18,15,8,16,13,8,24,7,9,10,3,11,15,9,13,8,13,19,21,20,4,7,9,42,18,26,21,9,11,21,24,18,15,5,36,24,8,13,10,19,5,6,21,29
01.02.2022 19:00,3,16,18,9,15,13,7,15,10,7,22,8,9,8,3,9,14,7,10,4,12,18,17,20,4,6,8,37,15,28,19,9,8,35,19,18,15,5,25,23,7,12,10,18,5,9,17,19
01.02.2022 20:00,4,13,19,9,16,13,7,15,12,7,13,8,7,8,3,8,11,8,8,3,11,13,13,18,6,7,7,31,12,23,17,9,10,27,14,14,14,6,17,18,7,11,8,16,5,6,15,15
01.02.2022 21:00,4,12,17,8,12,9,7,11,11,7,11,8,6,8,3,7,11,8,8,4,10,11,10,23,6,7,6,24,10,19,18,8,10,30,12,12,13,6,24,14,7,11,8,13,5,3,14,13
01.02.2022 22:00,5,12,18,8,11,8,6,14,17,7,11,8,7,7,7,7,11,10,8,3,9,12,10,10,7,7,7,19,9,16,16,8,7,27,12,11,16,6,13,12,7,9,8,15,6,4,9,13
01.02.2022 23:00,5,10,21,8,11,9,6,11,11,7,10,8,7,7,9,7,9,9,7,3,9,10,8,12,7,6,6,16,9,14,17,8,7,29,11,10,14,5,12,13,6,9,8,11,6,4,8,12
01.02.2022 24:00,4,9,14,7,8,8,6,10,7,7,7,7,7,6,8,5,7,7,7,1,8,7,8,4,6,5,5,11,9,11,13,7,7,15,9,9,10,5,18,12,6,7,7,7,6,4,7,12
02.02.2022 01:00,5,9,12,7,6,7,6,10,7,6,7,7,7,6,5,4,8,6,7,1,6,6,7,4,6,6,5,13,8,10,11,6,7,15,7,7,7,4,8,8,6,6,7,7,5,4,7,11
02.02.2022 02:00,4,6,15,6,6,7,5,14,6,4,6,6,7,5,3,3,10,6,6,2,5,6,7,6,6,5,5,13,8,9,8,6,6,11,7,6,5,4,6,8,5,6,6,6,4,4,6,7
02.02.2022 03:00,4,6,40,7,7,7,6,11,5,5,4,4,6,5,9,3,8,8,5,2,5,3,7,6,7,5,5,12,9,8,9,5,8,10,6,7,4,4,7,8,6,6,5,4,4,4,5,7
02.02.2022 04:00,4,8,14,7,6,7,5,7,5,4,4,5,7,5,7,2,7,5,4,2,5,2,7,5,7,5,5,14,8,8,12,5,6,11,6,6,5,4,7,8,6,5,3,5,3,4,5,7
02.02.2022 05:00,6,9,8,7,8,9,4,11,5,4,5,5,8,4,4,5,8,4,4,3,5,6,7,4,5,5,5,14,8,12,11,5,5,19,10,9,5,4,6,7,5,6,5,5,3,4,6,7
02.02.2022 06:00,6,8,11,8,14,13,5,12,5,5,6,5,7,5,9,4,14,6,6,3,7,7,12,6,5,6,5,29,8,14,19,7,5,23,12,9,8,4,8,17,7,7,12,7,2,5,8,9
02.02.2022 07:00,5,13,20,12,26,24,8,12,5,4,14,5,12,6,4,9,16,8,7,5,13,9,12,8,7,9,9,72,14,31,11,7,5,40,22,14,29,3,24,21,8,8,7,10,3,5,9,18
02.02.2022 08:00,5,16,34,14,33,21,7,11,10,9,22,6,10,7,10,6,17,10,10,12,13,21,18,12,6,15,12,70,20,37,14,9,5,38,20,14,42,4,20,25,13,11,14,18,2,6,13,30
02.02.2022 09:00,5,21,22,15,44,33,11,10,8,6,17,6,14,6,18,5,17,9,8,12,14,12,18,13,6,13,13,81,21,41,11,12,4,34,19,14,23,4,16,22,9,10,9,17,3,6,17,23
02.02.2022 10:00,6,19,16,13,44,29,8,15,13,7,21,6,9,7,8,5,17,7,8,7,12,11,15,12,6,10,12,60,16,32,11,10,5,25,18,13,24,5,16,19,9,10,11,15,3,8,15,22
02.02.2022 11:00,6,17,14,15,42,34,11,19,8,7,23,7,10,6,12,4,18,8,13,9,15,9,18,17,6,9,9,54,11,25,20,11,5,19,16,13,9,6,15,18,10,16,9,15,3,8,10,20
02.02.2022 12:00,5,16,13,12,35,22,8,15,9,9,21,8,9,5,9,4,16,8,9,7,11,8,17,20,6,9,10,59,14,34,19,7,5,20,13,13,14,5,    # ,17,7,10,8,13,2,    # ,11,15
02.02.2022 13:00,5,18,9,9,26,17,7,10,9,7,16,7,10,4,6,5,18,6,10,9,13,9,20,18,5,9,9,53,13,26,13,6,5,16,9,10,30,5,    # ,15,7,11,8,12,2,6,9,15
02.02.2022 14:00,5,19,11,10,29,20,8,12,10,8,19,7,10,5,7,6,18,6,7,7,12,9,15,16,6,9,10,60,13,31,14,7,4,16,13,9,8,6,    # ,15,6,9,5,12,3,6,9,17
02.02.2022 15:00,5,17,13,13,31,21,9,16,10,    # ,22,7,10,4,11,7,21,8,8,7,18,9,14,16,4,10,13,59,15,25,9,9,4,15,9,10,6,7,    # ,16,6,12,6,12,3,5,8,15
02.02.2022 16:00,6,20,14,13,30,20,8,14,7,14,24,7,9,6,5,9,20,9,9,9,15,11,17,17,5,11,12,60,15,27,13,9,6,24,18,13,26,6,17,18,7,12,11,11,2,6,9,27
02.02.2022 17:00,8,24,20,17,44,30,9,17,11,10,28,9,12,6,10,10,23,10,10,11,20,15,26,27,6,13,13,72,21,36,21,10,6,28,19,16,8,7,30,25,9,14,10,19,3,6,11,38
02.02.2022 18:00,7,29,34,22,47,42,15,18,9,14,47,12,15,7,15,12,24,13,14,8,24,28,24,32,12,15,19,74,24,46,43,17,7,27,22,14,30,7,32,31,11,14,17,35,3,7,13,37
02.02.2022 19:00,7,36,46,17,37,33,14,12,9,10,43,12,13,10,17,7,24,17,12,35,21,21,28,36,11,15,17,75,26,49,40,26,7,36,28,20,32,13,45,34,7,20,14,37,4,8,22,39
02.02.2022 20:00,7,29,58,19,44,32,12,17,10,12,35,11,13,11,11,6,27,14,11,17,24,20,18,30,9,14,14,64,25,45,37,17,9,46,24,25,40,8,39,28,    # ,23,21,30,4,7,31,37
02.02.2022 21:00,6,30,72,19,36,29,11,11,7,19,25,10,9,12,29,7,29,15,11,13,30,32,18,35,9,12,14,56,19,29,47,17,10,47,24,23,26,12,16,23,    # ,24,29,40,5,11,15,34
02.02.2022 22:00,7,56,57,17,26,27,14,11,7,17,33,12,9,13,27,5,26,14,13,29,25,31,24,36,11,15,14,49,29,34,43,16,10,50,26,26,10,27,12,23,    # ,35,12,45,4,16,20,46
02.02.2022 23:00,6,43,47,18,24,19,15,8,9,18,36,10,10,21,20,7,28,21,12,19,26,44,24,26,10,12,10,44,19,29,59,14,9,55,43,27,18,21,12,26,    # ,32,24,39,7,11,16,34
02.02.2022 24:00,5,35,42,16,20,25,11,6,16,43,21,10,11,21,13,7,28,20,14,15,27,39,21,17,11,9,17,34,26,23,43,18,10,47,37,31,18,30,6,23,    # ,30,15,33,6,13,26,29
03.02.2022 01:00,5,37,41,32,19,22,12,10,7,24,20,10,11,21,16,5,29,18,12,6,26,34,20,19,11,11,14,28,20,18,36,16,10,49,40,41,21,27,18,19,    # ,29,15,22,5,10,36,30
03.02.2022 02:00,6,38,41,32,16,15,13,6,7,23,31,9,12,24,12,6,30,19,17,6,23,28,19,13,13,17,15,40,21,19,33,17,13,47,49,44,24,22,24,16,    # ,26,12,22,6,8,33,38
03.02.2022 03:00,5,32,37,25,18,13,28,9,13,27,35,10,18,32,15,11,34,27,15,6,18,25,20,11,12,18,14,39,23,22,23,18,8,34,47,50,20,18,28,26,    # ,34,17,20,5,7,42,38
03.02.2022 04:00,5,34,37,28,28,33,24,8,17,27,40,10,21,28,15,19,37,32,13,6,19,25,23,11,11,19,16,35,25,18,29,19,6,33,37,39,24,15,27,32,    # ,26,17,18,5,9,43,39
03.02.2022 05:00,5,35,35,36,34,40,20,3,17,27,39,11,22,34,14,17,42,29,17,8,20,23,31,11,10,18,21,33,18,20,26,15,10,32,36,39,37,17,31,40,    # ,26,16,18,8,17,42,35
03.02.2022 06:00,4,43,30,31,34,37,26,5,28,24,34,14,37,37,12,14,45,31,24,13,22,27,39,12,15,19,17,55,16,20,30,26,8,32,38,44,35,17,39,51,    # ,28,22,23,7,23,38,20
03.02.2022 07:00,4,52,32,33,35,36,29,5,12,31,33,12,48,34,19,20,47,39,27,27,26,32,36,18,22,25,18,88,30,38,33,28,8,35,39,52,50,20,45,54,    # ,35,31,29,7,35,38,30
03.02.2022 08:00,4,44,40,35,40,41,30,4,11,33,34,10,37,30,24,29,53,68,28,41,26,38,40,24,12,33,34,92,39,44,40,36,11,42,43,61,53,29,46,53,    # ,41,41,38,7,36,44,33
03.02.2022 09:00,4,34,40,36,41,40,31,2,10,36,28,10,41,33,19,33,51,57,28,39,29,42,45,25,12,32,34,80,40,43,41,36,13,37,45,57,47,28,44,43,    # ,35,25,36,7,34,41,31
03.02.2022 10:00,4,    # ,40,30,35,37,24,3,12,34,32,9,26,38,19,31,44,40,33,26,28,48,43,24,12,19,33,77,31,40,37,32,15,41,38,48,36,23,39,44,    # ,29,21,34,8,18,29,25
03.02.2022 11:00,3,    # ,37,21,33,33,14,2,9,31,27,9,21,39,8,16,47,34,32,24,30,42,41,26,13,11,18,70,22,33,32,17,15,32,35,48,31,21,38,42,    # ,23,23,30,9,7,24,22
03.02.2022 12:00,3,    # ,33,11,24,21,6,3,4,30,30,8,19,29,4,15,40,26,30,16,29,27,37,21,11,8,13,66,15,30,29,11,15,29,27,34,30,23,27,38,    # ,13,18,31,9,4,27,23
03.02.2022 13:00,3,    # ,15,10,35,20,7,1,4,30,30,6,12,15,3,15,38,20,25,13,10,24,30,22,6,9,12,71,18,26,20,8,15,24,27,27,28,15,25,39,22,14,21,31,9,3,28,26
03.02.2022 14:00,4,    # ,19,15,29,    # ,9,1,4,33,31,4,8,16,6,17,35,19,22,14,13,21,28,21,5,11,9,43,20,25,22,9,15,22,21,33,25,13,31,39,21,12,21,32,9,8,26,39
03.02.2022 15:00,4,    # ,21,15,23,21,10,1,5,34,30,6,16,13,7,19,42,13,22,16,14,23,17,21,6,20,7,36,16,29,22,9,14,20,24,27,27,14,22,35,21,12,22,30,10,13,23,31
03.02.2022 16:00,4,30,24,15,30,22,11,1,9,33,29,8,25,15,6,18,42,24,25,19,16,31,13,22,12,22,9,41,20,29,27,8,17,25,25,41,36,18,31,38,21,17,23,36,11,24,26,34
03.02.2022 17:00,6,36,25,21,42,33,21,0,18,31,28,9,22,22,9,25,61,44,28,27,29,30,24,35,11,27,13,53,22,36,46,12,21,25,28,34,49,18,41,42,30,19,25,42,12,22,28,45
03.02.2022 18:00,5,45,17,40,44,42,34,0,17,29,29,12,33,18,9,24,66,56,37,39,26,36,44,38,23,37,22,75,33,46,56,14,25,30,27,#,54,24,47,43,32,26,27,46,11,21,31,44
03.02.2022 19:00,4,54,13,48,48,52,36,1,16,41,32,12,40,21,14,22,62,72,36,32,17,36,42,50,36,56,40,79,51,57,46,14,27,39,43,    # ,50,30,51,39,31,39,32,50,10,44,35,33
03.02.2022 20:00,8,51,20,44,47,51,46,1,20,33,25,11,37,26,23,17,57,54,32,25,16,25,40,38,38,56,52,81,54,49,31,15,25,43,39,38,50,26,47,40,26,45,34,44,9,41,33,33
03.02.2022 21:00,7,44,24,34,32,40,23,1,18,26,25,13,40,38,21,14,43,37,28,44,15,26,39,28,30,49,47,69,50,57,34,15,23,44,38,44,42,26,39,45,23,44,32,33,10,36,28,20
03.02.2022 22:00,7,30,17,39,38,38,20,0,13,23,27,8,38,28,23,12,39,33,28,42,13,24,36,32,23,41,42,64,45,46,35,13,20,38,42,41,36,22,33,45,21,37,33,17,8,24,28,17
03.02.2022 23:00,5,17,17,40,41,37,19,0,12,19,26,6,35,18,20,12,40,32,28,29,12,20,40,38,22,38,38,58,44,42,26,6,20,42,28,26,35,26,30,41,23,33,30,17,8,25,26,19
03.02.2022 24:00,5,8,17,26,26,28,27,2,12,10,25,6,28,7,18,10,36,35,22,25,8,17,35,35,23,31,34,60,43,40,19,6,18,25,17,15,24,24,25,38,18,25,28,12,9,21,27,11
04.02.2022 01:00,4,6,13,31,23,21,26,3,9,6,15,6,21,6,13,8,25,29,23,19,7,7,29,28,24,28,31,59,42,38,24,7,18,18,13,8,26,13,22,36,17,9,24,10,10,21,22,8
04.02.2022 02:00,5,5,11,24,23,18,16,2,7,5,6,6,24,6,15,4,22,24,22,15,6,6,28,28,21,33,29,46,41,38,25,7,17,10,10,8,21,9,22,32,16,5,21,10,12,18,22,7
04.02.2022 03:00,4,6,11,17,19,19,15,1,6,6,8,7,26,6,16,5,22,20,24,10,5,6,31,23,20,28,34,47,41,31,21,6,18,8,13,10,18,5,24,31,16,5,20,10,12,17,13,12
04.02.2022 04:00,21,8,11,15,16,17,17,1,5,10,10,6,28,6,13,4,17,17,23,7,5,6,31,28,21,25,29,43,34,30,30,8,20,14,11,11,22,3,22,27,17,7,13,15,9,17,7,9
04.02.2022 05:00,15,8,8,19,17,18,21,10,6,10,11,7,35,7,14,4,16,15,21,6,6,15,29,19,21,25,26,42,36,34,30,9,22,21,16,13,20,3,22,27,19,7,14,14,6,18,13,11
04.02.2022 06:00,11,12,11,24,24,23,19,13,12,14,15,6,33,10,17,13,20,16,21,7,11,26,32,22,20,26,27,55,41,34,29,11,17,46,26,23,28,3,24,34,23,12,24,14,4,18,15,20
04.02.2022 07:00,13,23,15,27,34,29,23,12,12,14,25,7,34,10,16,14,28,22,22,8,18,23,33,27,16,32,34,76,40,38,34,11,15,47,32,33,34,4,27,46,27,14,26,26,4,22,20,30
04.02.2022 08:00,10,32,20,24,29,33,21,12,17,24,37,5,33,15,25,19,28,26,17,14,28,24,38,27,15,36,36,76,44,46,36,13,12,46,47,46,35,4,32,44,8,32,34,39,4,24,27,39
04.02.2022 09:00,8,31,20,25,34,32,17,21,15,25,33,7,27,17,24,11,29,23,18,10,31,15,35,34,15,27,31,77,40,47,31,14,6,34,48,39,33,3,36,58,4,28,34,34,4,28,21,33
04.02.2022 10:00,7,17,19,16,33,27,12,17,10,20,28,7,28,18,21,9,29,23,18,10,28,11,33,38,12,22,22,68,36,46,30,11,7,27,30,27,20,4,38,56,15,15,21,28,5,27,18,25
04.02.2022 11:00,6,22,14,15,30,24,12,17,9,13,24,7,22,9,13,8,29,21,22,8,18,12,31,37,12,13,16,64,25,40,22,9,13,20,26,27,27,5,41,40,7,11,10,33,6,29,12,26
04.02.2022 12:00,6,23,13,10,28,21,8,20,14,14,21,7,17,10,4,7,25,18,19,6,16,12,27,21,12,12,11,62,22,35,18,9,13,23,20,23,28,5,35,34,13,11,7,31,5,15,14,30
04.02.2022 13:00,4,17,10,8,25,17,7,12,10,10,23,6,11,7,9,7,26,13,20,6,11,12,26,16,9,8,10,67,19,34,22,8,9,17,19,24,30,6,33,28,12,12,7,25,4,9,16,33
04.02.2022 14:00,5,19,11,11,30,26,12,9,9,7,25,5,10,6,4,9,29,18,13,7,11,12,29,15,7,10,7,67,16,31,19,9,11,38,18,23,32,5,32,26,10,12,9,19,4,6,14,34
04.02.2022 15:00,6,19,15,11,28,20,10,12,10,10,23,6,11,7,5,9,31,16,15,9,11,10,25,14,7,11,9,65,14,36,23,9,9,27,24,25,31,5,32,27,11,15,9,20,5,6,16,30
04.02.2022 16:00,6,23,12,12,28,21,10,24,8,11,30,7,11,8,6,7,19,13,18,12,9,11,28,15,8,11,10,75,15,37,22,9,11,16,26,21,28,5,36,31,11,16,11,14,5,8,16,31
04.02.2022 17:00,6,22,9,12,33,23,10,16,12,10,21,7,15,11,13,8,21,11,23,11,11,11,23,18,8,18,14,78,26,44,24,10,10,18,29,23,50,6,51,38,14,15,11,18,6,25,19,26
04.02.2022 18:00,7,20,12,14,31,27,15,9,24,9,20,7,45,8,15,7,19,13,19,15,11,9,31,19,17,38,27,88,51,65,26,8,9,19,27,21,56,5,49,55,12,13,10,23,6,35,20,29
04.02.2022 19:00,9,20,13,13,26,17,9,17,15,10,15,8,57,10,23,6,20,14,15,9,10,10,39,18,18,47,33,85,58,61,23,8,9,26,19,19,56,5,46,44,10,11,10,25,6,34,15,27
04.02.2022 20:00,8,17,8,11,19,15,8,22,19,11,24,8,53,11,25,5,13,9,11,8,9,10,24,25,18,12,20,56,28,36,19,8,8,15,22,14,47,6,40,27,9,11,10,16,5,30,12,18
04.02.2022 21:00,3,13,8,9,14,10,7,12,18,8,11,9,21,10,30,5,13,9,9,9,7,5,16,18,21,6,8,31,14,27,18,7,8,17,18,13,44,5,35,21,6,8,9,16,5,28,15,13
04.02.2022 22:00,4,10,9,6,13,7,5,19,21,6,11,8,10,7,24,5,11,9,9,6,8,6,12,19,10,5,7,24,13,20,16,8,9,12,14,10,47,6,19,18,8,7,7,14,4,14,18,11
04.02.2022 23:00,4,10,12,7,14,8,6,25,22,5,11,7,12,7,22,4,9,6,8,7,8,5,12,12,8,4,6,18,12,22,13,6,7,10,10,8,44,5,15,19,7,7,7,8,4,8,8,9
04.02.2022 24:00,4,5,9,7,9,7,6,11,15,4,6,5,9,4,19,3,6,5,7,4,7,5,10,8,6,4,6,12,10,12,11,5,5,12,6,7,47,4,11,19,6,6,6,6,4,8,7,13
05.02.2022 01:00,4,5,12,7,9,7,6,5,13,4,4,5,7,5,22,4,6,5,6,3,6,3,7,14,8,5,5,13,9,11,8,6,6,13,7,7,45,3,9,9,5,6,5,6,4,4,6,8
05.02.2022 02:00,4,5,10,5,7,6,4,18,16,4,5,5,5,5,22,3,6,5,4,4,7,4,7,14,9,4,4,10,8,9,5,6,4,9,6,7,44,3,6,8,5,6,5,8,3,3,6,8
05.02.2022 03:00,5,9,24,5,5,6,4,20,27,4,6,5,5,5,22,2,5,5,4,2,5,6,7,7,6,3,4,12,5,6,6,7,4,8,6,8,44,3,5,7,6,5,4,7,3,3,6,9
05.02.2022 04:00,7,7,13,6,6,7,5,6,29,5,6,4,4,5,14,3,5,4,4,1,5,5,7,5,3,4,4,11,5,6,4,7,5,8,11,9,33,3,4,8,6,9,4,7,3,3,5,7
05.02.2022 05:00,8,5,15,8,15,8,5,5,5,5,5,5,5,5,8,3,7,5,4,5,6,4,7,5,4,4,6,13,6,7,12,6,5,12,9,9,5,4,5,10,6,10,4,11,3,3,5,7
05.02.2022 06:00,11,7,22,9,12,12,7,15,5,5,8,5,6,6,10,3,12,8,5,9,8,6,10,7,6,8,5,35,8,15,21,6,4,35,9,10,17,4,7,16,4,11,6,16,3,4,8,11
05.02.2022 07:00,4,9,31,12,15,12,8,10,4,5,8,6,5,7,16,4,16,12,8,13,8,8,14,10,4,11,8,62,21,27,21,7,6,29,11,12,15,4,8,20,14,11,9,11,3,4,7,15
05.02.2022 08:00,5,9,39,14,17,12,9,10,7,8,10,6,9,8,16,4,15,17,7,8,8,6,19,18,9,14,11,71,27,29,37,8,8,19,12,13,28,4,12,22,9,11,7,15,4,15,12,20
05.02.2022 09:00,5,13,60,13,24,13,8,14,12,10,11,6,8,7,22,5,19,13,11,9,9,8,21,25,9,10,9,66,19,35,27,8,9,25,14,13,28,4,16,26,9,11,7,17,4,23,13,22
05.02.2022 10:00,4,14,34,10,21,13,7,21,8,5,13,5,9,7,19,5,23,11,15,3,10,8,18,17,8,8,8,69,19,34,19,7,9,34,13,15,19,5,16,17,11,10,7,15,4,8,13,24
05.02.2022 11:00,3,12,15,9,18,13,5,12,6,6,12,5,6,6,17,5,18,9,14,2,14,7,15,16,4,6,7,61,14,34,18,7,8,31,10,14,16,5,16,19,7,9,6,10,4,6,11,24
05.02.2022 12:00,4,16,10,7,19,12,5,6,8,6,12,6,6,5,4,6,19,8,11,1,9,8,12,10,3,5,5,45,10,32,14,7,7,30,9,15,8,3,16,16,6,8,6,12,4,5,11,21
05.02.2022 13:00,4,17,12,6,23,14,5,7,4,6,16,5,4,5,3,5,20,8,8,2,8,8,14,11,3,5,3,49,10,34,14,6,6,27,11,14,8,3,17,18,5,8,5,12,4,3,10,17
05.02.2022 14:00,3,13,9,7,22,12,5,10,3,7,16,5,4,5,4,5,19,8,8,2,9,9,15,12,3,6,4,60,11,34,15,6,5,19,11,13,7,3,12,19,4,7,6,10,4,3,11,17
05.02.2022 15:00,3,13,10,6,29,16,8,9,3,7,16,5,6,5,4,5,20,7,11,3,13,9,16,13,3,5,4,70,11,44,18,6,4,24,9,12,8,3,17,19,5,7,6,9,3,3,11,20
05.02.2022 16:00,4,8,10,8,30,15,7,8,4,6,14,5,6,6,11,5,20,7,10,5,12,9,16,16,3,5,5,70,9,40,18,6,5,24,11,13,7,3,16,20,4,7,8,12,4,4,10,22
05.02.2022 17:00,4,12,13,11,35,21,11,24,5,10,20,7,7,7,10,5,21,10,14,8,9,9,20,20,4,9,5,78,14,52,22,8,6,35,14,17,11,4,19,26,6,8,9,13,4,19,9,28
05.02.2022 18:00,6,43,16,25,44,26,18,15,9,16,26,10,37,13,10,7,35,16,27,23,15,11,30,36,8,19,12,88,26,64,26,10,7,44,35,34,19,5,61,43,5,18,14,18,5,45,14,21
05.02.2022 19:00,8,59,15,34,43,31,28,11,18,21,37,9,62,20,15,7,53,25,27,27,14,14,46,49,11,43,20,99,52,65,46,12,8,32,40,41,55,8,73,60,15,19,16,16,5,52,21,25
05.02.2022 20:00,7,35,16,30,34,30,17,9,20,15,21,8,45,18,18,8,48,23,28,52,15,11,50,54,10,44,30,89,47,61,42,8,12,33,33,46,69,10,64,40,25,17,18,16,5,49,26,24
05.02.2022 21:00,7,19,22,23,33,24,12,18,20,7,14,9,38,11,15,6,27,16,19,38,13,7,43,50,15,29,20,58,28,41,42,11,12,28,41,42,61,5,57,45,28,17,15,12,5,43,20,26
05.02.2022 22:00,8,17,30,19,24,24,13,11,26,9,12,8,37,10,15,6,26,19,18,44,12,6,39,25,12,19,14,42,26,34,35,9,17,22,37,44,52,6,52,41,20,15,15,12,4,40,15,16
05.02.2022 23:00,7,13,31,18,31,40,18,6,28,11,12,7,20,7,14,5,16,13,19,40,11,5,27,30,12,12,12,43,25,36,28,9,16,22,37,28,49,6,47,55,20,12,21,11,5,21,8,13
05.02.2022 24:00,6,8,9,9,14,11,15,12,12,10,8,6,20,6,12,4,16,12,18,22,7,5,19,19,10,11,11,34,23,28,24,6,11,31,28,18,35,9,43,40,17,14,11,11,6,14,7,7
06.02.2022 01:00,5,7,7,7,12,8,7,14,5,7,6,6,20,5,12,4,14,12,14,18,6,4,16,13,6,8,10,19,16,20,16,6,11,29,10,9,38,17,23,43,12,8,9,10,5,12,7,5
06.02.2022 02:00,4,4,6,7,8,7,5,3,7,8,5,5,19,5,13,4,15,9,12,7,6,4,14,14,6,7,9,17,11,15,17,6,9,19,8,9,25,12,21,36,10,8,5,8,4,10,7,5
06.02.2022 03:00,4,4,6,6,7,5,4,15,11,8,5,4,19,4,10,4,14,9,11,5,5,5,15,16,7,5,6,11,12,13,19,5,8,11,8,6,25,11,20,12,12,7,5,7,4,7,5,5
06.02.2022 04:00,4,4,6,8,7,7,5,9,14,7,5,5,13,5,13,4,8,7,9,4,4,5,12,13,6,5,6,10,15,13,13,5,7,7,5,5,30,5,14,9,12,5,6,7,3,5,6,5
06.02.2022 05:00,3,4,5,6,6,6,4,5,6,5,4,5,11,6,11,4,6,5,7,3,4,3,10,12,6,4,6,13,15,11,14,5,6,6,6,6,22,6,9,9,10,5,6,6,3,4,9,4
06.02.2022 06:00,3,4,5,5,5,5,4,7,6,4,4,4,11,5,14,3,6,4,5,3,4,3,7,12,5,4,6,14,13,9,17,5,6,6,6,6,31,6,10,9,10,5,5,8,4,5,10,5
06.02.2022 07:00,3,6,5,5,5,5,4,23,7,6,5,4,9,7,19,2,7,5,6,3,5,3,9,10,4,3,5,12,9,7,11,5,5,7,7,6,34,5,10,9,7,5,5,7,3,5,6,6
06.02.2022 08:00,3,6,6,5,6,5,4,14,8,4,5,4,7,7,22,2,7,5,6,2,4,4,7,12,4,3,4,13,9,12,10,4,5,6,5,5,46,5,8,10,6,4,5,8,3,6,5,6
06.02.2022 09:00,3,6,6,5,7,6,4,12,9,4,5,5,8,6,23,2,8,4,5,1,4,3,7,13,4,3,5,16,10,9,10,4,5,6,6,5,40,4,9,11,5,5,5,10,3,9,7,6
06.02.2022 10:00,3,7,6,5,8,6,4,11,8,4,5,4,9,5,16,3,8,4,6,1,4,5,6,15,5,2,4,19,8,11,9,4,5,6,7,5,33,5,11,11,4,5,4,9,4,5,8,7
06.02.2022 11:00,3,7,7,5,8,6,3,8,6,4,6,4,7,5,8,3,8,5,6,1,5,5,7,13,4,3,3,23,7,11,10,4,5,6,7,5,31,5,9,10,4,5,4,8,3,4,10,7
06.02.2022 12:00,3,8,6,5,7,6,3,5,5,6,7,4,4,5,5,5,8,5,7,2,5,5,7,13,4,3,3,27,6,17,12,4,5,6,7,5,26,3,9,10,4,5,4,10,3,4,8,9
06.02.2022 13:00,3,8,7,5,8,6,4,13,5,6,8,4,4,4,6,4,8,4,5,2,5,4,7,6,3,3,3,26,8,14,10,5,5,6,7,6,25,3,7,11,4,5,4,9,3,4,7,10
06.02.2022 14:00,3,8,7,6,8,6,4,11,7,7,7,5,4,4,11,4,6,4,6,3,5,5,8,7,3,3,4,23,8,14,10,5,4,7,7,6,33,3,10,13,4,6,4,8,3,4,7,10
06.02.2022 15:00,3,7,5,6,11,6,4,6,9,8,8,4,5,4,8,4,8,4,6,2,5,4,9,9,3,3,4,21,8,15,10,5,5,7,7,6,30,3,11,10,4,5,4,8,3,3,11,11
06.02.2022 16:00,3,6,5,5,9,7,4,8,10,9,9,4,5,4,7,4,7,4,6,2,4,6,9,9,3,3,4,21,9,18,9,4,5,7,7,6,65,2,13,10,3,6,4,8,3,3,10,10
06.02.2022 17:00,4,7,6,5,9,6,4,19,16,4,7,4,7,4,13,4,6,3,6,2,4,5,9,6,3,3,4,22,9,19,9,4,5,7,7,6,55,2,11,11,4,5,4,8,2,4,13,10
06.02.2022 18:00,3,6,14,5,9,6,4,17,19,3,8,4,9,4,20,4,6,4,6,2,6,3,7,7,4,3,4,16,8,13,10,5,4,8,6,6,68,2,9,9,3,5,4,7,2,5,14,10
06.02.2022 19:00,3,6,10,5,8,7,4,14,17,4,8,5,4,4,5,3,8,4,6,2,7,3,7,5,3,3,4,14,8,11,9,5,5,8,6,6,73,2,6,9,3,6,3,8,2,4,9,12
06.02.2022 20:00,3,6,14,5,7,5,3,16,15,4,9,5,3,5,2,3,6,4,6,1,9,4,7,6,2,3,3,13,7,10,8,5,5,11,6,7,63,2,6,11,5,7,5,9,3,2,6,13
06.02.2022 21:00,3,8,18,4,6,5,3,12,9,5,9,5,3,4,2,4,6,3,5,2,11,5,6,4,2,2,3,10,8,11,7,4,4,24,6,7,51,2,5,10,4,6,4,13,3,3,6,15
06.02.2022 22:00,3,7,8,4,6,4,3,8,5,7,9,4,3,5,2,5,6,4,5,1,8,6,5,3,3,2,3,9,7,9,8,6,4,35,7,8,35,2,5,9,3,6,10,13,3,2,6,17
06.02.2022 23:00,3,5,7,4,5,4,3,4,5,5,10,3,3,5,4,5,6,4,4,1,7,6,5,3,3,2,2,7,6,6,7,6,4,27,9,8,41,2,4,8,3,5,6,10,3,1,7,16
06.02.2022 24:00,2,4,8,4,4,4,3,19,4,4,5,4,2,4,9,4,5,3,3,0,5,6,4,3,2,2,2,6,5,5,6,4,4,15,10,10,34,2,3,8,3,5,4,7,3,1,8,7
07.02.2022 01:00,3,6,7,4,4,5,3,14,4,5,5,4,3,4,16,4,5,3,3,0,6,6,4,2,2,2,2,5,5,4,7,4,5,12,6,6,18,2,3,5,2,4,5,6,3,1,8,6
07.02.2022 02:00,4,5,9,4,4,6,3,3,3,3,6,4,3,4,8,2,5,3,3,0,4,4,4,2,2,3,4,10,4,5,11,4,3,12,7,5,12,2,3,6,4,6,4,4,3,3,5,6
07.02.2022 03:00,6,5,8,5,4,5,3,6,3,3,5,4,3,3,11,3,8,3,3,0,4,3,5,2,3,3,4,10,5,5,3,4,3,5,4,5,6,2,3,5,3,5,3,4,3,3,5,6
07.02.2022 04:00,6,3,6,4,5,5,3,5,4,4,3,3,5,3,3,3,6,4,3,0,4,3,5,4,4,3,4,12,5,5,6,4,4,5,4,5,4,2,3,6,3,4,4,4,2,2,4,6
07.02.2022 05:00,3,4,7,5,6,7,3,8,4,5,4,4,5,4,2,3,7,3,3,1,5,3,5,8,5,3,3,16,7,12,5,4,3,8,5,5,10,2,5,7,4,4,5,6,2,3,5,10
07.02.2022 06:00,3,8,12,7,15,12,5,9,5,4,7,4,5,3,4,6,11,5,4,3,6,7,7,5,5,4,4,40,8,15,5,6,4,19,8,8,38,2,7,10,5,6,5,7,2,3,7,9
07.02.2022 07:00,5,11,25,12,27,15,8,9,5,5,11,4,7,4,7,5,17,7,5,5,10,12,11,8,6,7,8,67,13,23,8,6,4,25,14,11,52,2,12,15,8,8,6,11,1,4,12,18
07.02.2022 08:00,5,16,27,14,40,23,9,7,9,6,20,5,7,4,3,7,17,10,8,5,14,21,17,17,5,13,11,69,16,24,14,9,4,31,26,15,33,3,19,23,10,13,13,16,2,5,11,33
07.02.2022 09:00,6,16,33,15,52,31,9,13,7,7,18,6,11,5,6,8,18,10,7,5,14,17,15,18,5,11,12,81,25,35,14,9,4,33,20,16,10,3,20,24,9,11,11,14,2,4,13,27
07.02.2022 10:00,6,13,22,11,44,25,9,10,7,6,15,5,10,6,4,6,16,8,10,4,13,14,14,9,4,10,9,64,14,27,14,9,5,23,16,13,15,4,15,25,9,9,12,12,3,4,13,20
07.02.2022 11:00,5,14,23,14,39,29,10,13,8,7,15,6,9,6,5,5,17,8,11,5,11,13,15,12,5,8,8,60,12,27,13,9,5,20,15,13,8,4,14,26,9,11,10,13,3,6,10,17
07.02.2022 12:00,5,16,18,14,36,27,11,10,11,9,19,6,8,6,12,5,17,9,10,3,11,16,15,14,5,9,9,60,14,32,30,10,6,22,13,13,7,5,14,23,9,11,9,12,3,6,11,16
07.02.2022 13:00,4,16,18,14,33,25,10,7,10,9,16,7,9,6,10,5,17,9,9,5,12,9,14,11,6,7,9,54,12,31,15,10,6,18,11,12,9,5,14,22,8,10,11,12,3,7,8,15
07.02.2022 14:00,5,17,14,12,31,22,11,9,10,11,14,8,9,7,4,5,20,11,9,5,10,11,17,9,7,7,    # ,52,11,28,17,11,6,28,19,14,13,5,21,21,9,10,9,12,3,7,9,15
07.02.2022 15:00,5,15,13,12,30,26,11,11,9,7,13,7,10,7,3,4,18,10,11,6,14,11,14,12,7,7,    # ,55,12,26,14,11,7,21,17,13,11,5,16,19,10,11,9,12,3,6,10,19
07.02.2022 16:00,5,19,22,12,36,23,9,11,11,7,16,8,11,6,4,6,16,10,13,8,17,12,16,14,7,8,11,60,13,28,21,10,7,24,20,15,6,6,14,19,13,16,9,15,3,7,12,28
07.02.2022 17:00,5,21,20,15,39,32,12,15,13,7,18,9,12,7,3,7,20,12,20,10,14,13,18,14,8,9,10,62,22,34,20,12,7,27,19,16,7,7,19,22,15,15,12,21,3,8,15,41
07.02.2022 18:00,6,24,21,18,38,42,13,17,9,9,21,10,11,9,6,7,18,13,17,15,14,14,20,14,8,11,12,67,19,39,21,16,10,43,27,21,8,7,18,23,16,13,18,21,5,7,22,43
07.02.2022 19:00,6,34,23,17,36,32,11,23,7,11,24,10,12,10,8,5,18,12,14,30,13,14,20,14,9,12,11,65,24,39,32,15,9,35,26,19,7,7,27,28,11,12,19,20,6,7,15,35
07.02.2022 20:00,6,26,46,14,28,28,10,22,7,12,19,10,10,10,6,6,17,12,11,36,13,13,18,19,9,11,10,50,20,37,33,12,9,37,19,20,9,8,20,30,9,12,15,20,5,7,14,20
07.02.2022 21:00,5,26,60,14,24,20,10,10,7,12,15,10,9,8,7,6,15,10,11,28,12,11,16,31,9,10,11,46,20,31,17,10,8,36,15,16,7,7,13,19,7,11,16,33,7,6,11,17
07.02.2022 22:00,5,18,55,11,18,14,7,9,6,11,13,11,9,8,5,7,17,11,9,15,10,11,14,27,9,9,9,32,17,25,15,13,9,40,14,13,7,7,10,21,7,14,14,26,7,5,12,18
07.02.2022 23:00,7,13,56,11,15,16,7,3,6,8,15,9,8,7,4,6,15,11,9,15,10,16,13,21,8,6,7,32,13,24,14,14,10,40,16,15,7,7,10,20,7,13,12,37,6,5,11,13
07.02.2022 24:00,8,11,50,10,12,12,8,3,5,10,13,8,7,9,4,7,10,11,11,9,9,10,12,14,6,6,7,19,14,18,24,12,12,38,15,13,8,7,9,16,10,12,8,45,6,5,10,14
08.02.2022 01:00,8,13,42,10,11,12,7,2,6,12,11,8,8,8,14,6,10,12,10,10,10,19,10,10,8,9,8,16,15,15,22,12,9,25,17,12,7,7,8,12,13,11,8,39,6,4,11,12
08.02.2022 02:00,6,10,47,11,13,10,8,2,8,16,10,8,7,10,18,6,8,9,7,8,10,19,10,9,8,8,9,16,17,14,22,11,8,20,14,11,18,7,7,10,9,10,10,14,5,4,12,14
08.02.2022 03:00,4,10,46,13,13,11,12,1,10,17,12,8,7,10,30,6,8,10,6,5,10,13,10,10,9,9,10,22,18,13,20,8,7,14,15,11,13,6,8,11,6,11,8,9,6,6,12,13
08.02.2022 04:00,4,8,51,16,10,16,10,2,10,17,11,7,9,8,22,7,9,11,6,5,9,8,9,9,7,12,10,25,17,12,19,10,8,22,13,10,18,5,8,15,6,13,7,16,6,6,10,11
08.02.2022 05:00,4,8,19,9,11,11,8,1,6,24,11,8,10,7,30,7,11,9,7,7,9,8,11,8,8,6,8,22,22,15,17,8,11,23,14,12,15,5,19,15,9,10,7,19,6,6,12,16
08.02.2022 06:00,4,10,15,10,17,12,8,1,3,19,14,8,11,8,34,9,15,10,13,8,9,12,14,11,9,7,11,37,19,18,22,8,8,27,22,18,12,4,49,20,11,12,7,23,5,6,12,21
08.02.2022 07:00,5,18,13,12,23,16,10,1,11,20,26,9,13,16,36,8,21,14,13,9,11,15,21,15,9,14,10,74,27,35,33,10,9,24,33,25,22,10,58,35,10,13,12,35,5,6,18,41
08.02.2022 08:00,6,26,16,15,31,24,12,3,21,22,37,11,13,18,36,10,23,22,22,23,20,33,24,23,9,19,14,94,30,52,37,13,10,32,40,35,29,14,50,38,14,16,16,43,6,8,32,42
08.02.2022 09:00,5,22,16,15,30,25,10,2,21,15,33,10,10,18,40,8,24,20,19,17,20,24,22,22,7,19,16,86,35,48,32,13,12,31,39,34,35,12,52,38,15,16,24,50,5,7,28,28
08.02.2022 10:00,    # ,18,18,14,24,20,9,2,13,12,34,8,9,13,38,9,25,15,18,8,20,26,20,25,7,13,13,75,28,49,26,12,11,29,29,25,24,12,53,35,12,14,14,29,6,7,24,31
08.02.2022 11:00,    # ,19,16,14,20,17,8,6,13,10,30,9,9,11,29,9,22,11,17,7,15,20,21,32,6,10,11,59,22,47,    # ,10,10,39,19,20,24,16,37,31,9,12,14,26,6,6,29,18
08.02.2022 12:00,    # ,20,16,9,23,15,7,10,9,13,22,9,10,9,22,11,17,12,13,6,14,18,19,25,7,8,8,60,20,43,    # ,10,11,28,22,19,18,19,28,23,9,15,12,24,6,5,35,29
08.02.2022 13:00,    # ,18,22,9,23,16,8,13,7,10,17,9,11,9,17,12,21,12,14,7,12,15,20,21,6,6,7,58,16,38,    # ,9,9,33,24,22,18,9,21,20,9,13,9,21,7,6,27,29
08.02.2022 14:00,    # ,19,19,10,27,18,11,7,8,13,19,8,12,9,19,10,21,16,14,9,15,15,24,22,6,8,6,65,16,37,    # ,9,9,41,27,22,22,8,32,    # ,10,13,8,21,6,6,24,26
08.02.2022 15:00,    # ,19,19,13,33,29,9,9,9,12,20,8,10,9,17,11,21,13,15,8,14,16,25,20,7,8,7,77,17,41,23,9,9,39,24,22,34,8,28,27,9,13,9,25,6,7,16,28
08.02.2022 16:00,    # ,27,18,14,35,26,11,21,15,12,22,7,13,10,8,12,25,15,19,11,15,18,24,22,8,11,7,82,21,43,28,10,10,48,28,24,34,11,33,31,9,14,10,32,6,7,18,43
08.02.2022 17:00,    # ,33,19,21,48,39,12,13,23,18,23,8,17,11,12,11,36,19,19,17,17,17,31,24,9,16,12,93,25,49,32,10,11,60,33,27,38,9,45,29,12,17,12,25,6,17,19,40
08.02.2022 18:00,    # ,36,18,24,54,47,17,8,22,20,28,11,19,11,18,10,39,17,18,33,23,16,38,41,8,23,16,83,29,61,37,11,11,54,39,32,57,9,51,32,12,21,12,29,7,38,18,30
08.02.2022 19:00,6,29,18,39,62,51,50,4,29,18,26,11,15,14,30,9,37,19,15,63,24,13,37,56,9,34,17,104,40,62,45,15,9,47,36,24,57,20,59,33,12,27,11,21,7,37,16,30
08.02.2022 20:00,6,27,27,34,53,50,48,1,14,18,21,11,13,15,33,7,31,26,16,65,18,11,33,55,10,37,23,93,52,62,44,11,11,43,32,25,49,11,54,30,14,20,11,23,7,26,15,27
08.02.2022 21:00,4,21,32,26,41,38,61,1,13,18,25,9,15,16,28,8,20,13,14,57,14,9,28,30,13,63,35,86,41,46,47,13,11,40,29,20,53,6,50,30,10,17,10,25,6,26,12,26
08.02.2022 22:00,6,13,25,27,39,25,56,1,13,24,19,7,21,12,22,7,22,11,13,47,12,8,19,29,12,62,38,85,55,40,40,12,10,25,23,17,52,5,46,27,10,18,10,25,6,19,12,24
08.02.2022 23:00,7,12,17,28,31,38,37,2,14,21,14,6,22,14,23,7,25,8,11,49,11,9,29,20,12,41,28,69,39,59,39,10,7,18,17,14,52,7,39,41,9,14,9,18,5,19,17,20
08.02.2022 24:00,6,9,15,33,32,39,37,1,14,16,13,6,23,15,19,6,13,6,7,48,10,8,26,19,11,33,24,72,46,44,34,9,6,14,14,10,45,5,37,26,6,13,12,19,6,14,20,12
09.02.2022 01:00,6,10,11,42,35,45,34,1,12,13,10,6,14,12,15,5,12,11,6,39,9,10,26,19,10,29,27,64,41,30,39,9,6,16,12,10,47,5,33,19,10,10,14,17,5,14,21,10
09.02.2022 02:00,8,10,10,51,40,45,37,1,10,15,8,6,16,15,16,6,10,7,5,33,9,7,26,22,15,28,34,54,36,30,43,9,6,15,11,10,44,5,28,12,4,10,9,14,5,15,18,9
09.02.2022 03:00,4,9,10,35,34,45,36,2,10,11,9,7,19,16,13,5,16,9,6,32,9,9,26,22,15,29,33,51,37,27,46,9,8,11,10,9,35,5,26,8,9,8,5,12,4,11,15,8
09.02.2022 04:00,3,11,10,37,35,40,32,1,14,9,8,6,23,13,15,6,19,17,6,26,8,10,25,16,14,22,25,38,36,32,42,8,7,10,14,10,28,9,23,8,11,8,6,11,4,13,28,10
09.02.2022 05:00,3,12,12,39,34,42,29,1,15,13,10,5,29,16,17,5,23,17,10,30,11,8,26,18,16,19,25,35,28,32,46,9,12,11,16,12,32,7,26,22,11,7,16,21,4,14,32,11
09.02.2022 06:00,3,22,14,43,41,46,32,0,14,14,20,5,36,14,21,5,33,21,16,31,17,11,32,26,16,23,29,66,39,31,45,10,18,15,21,18,34,7,31,28,9,11,17,22,3,27,20,13
09.02.2022 07:00,3,33,18,55,50,52,44,0,14,21,29,6,32,19,21,9,42,27,23,43,24,13,43,30,21,39,36,94,54,45,48,8,18,23,37,31,33,11,43,38,23,17,23,32,3,36,26,26
09.02.2022 08:00,3,50,21,57,58,55,48,3,15,25,35,6,34,24,30,10,45,35,30,53,33,14,53,37,23,51,46,99,59,62,46,15,21,41,48,40,40,27,46,50,34,27,22,34,4,41,27,30
09.02.2022 09:00,2,34,35,52,57,55,40,1,16,22,34,7,24,29,25,8,41,31,28,56,22,15,46,35,28,45,55,94,60,63,43,14,25,38,48,41,38,    # ,44,53,28,23,10,42,4,37,24,27
09.02.2022 10:00,3,35,23,42,49,50,34,11,15,25,28,7,19,18,20,9,37,25,29,55,23,16,35,31,16,34,44,91,50,64,33,10,27,46,38,41,36,23,44,48,27,17,7,39,4,21,17,29
09.02.2022 11:00,4,23,20,24,53,43,25,8,14,23,28,6,17,16,12,8,35,24,31,47,20,16,35,33,15,27,33,    # ,35,52,29,10,30,41,22,26,33,9,29,48,24,17,6,25,3,10,20,32
09.02.2022 12:00,4,19,17,16,41,28,18,4,13,13,27,5,21,7,5,10,31,17,27,41,18,13,28,29,17,12,13,    # ,19,41,29,11,30,32,18,22,22,3,28,42,23,13,8,24,3,8,16,24
09.02.2022 13:00,4,19,10,14,45,26,15,5,13,7,27,5,15,7,6,6,24,15,19,30,12,14,22,27,10,8,10,    # ,18,34,    # ,7,17,33,19,27,21,3,20,41,17,11,6,18,3,6,13,24
09.02.2022 14:00,5,19,12,13,48,27,11,6,13,8,30,5,15,5,3,8,35,18,14,10,9,11,22,25,8,9,9,    # ,18,35,28,6,12,27,15,21,28,4,17,28,10,9,9,18,3,6,14,20
09.02.2022 15:00,4,18,13,12,54,32,10,20,14,7,24,5,14,4,4,8,29,16,14,14,9,10,22,    # ,8,8,9,    # ,14,33,23,6,10,18,17,23,34,8,13,21,11,9,7,12,4,5,12,19
09.02.2022 16:00,3,21,18,16,34,29,11,11,14,9,26,6,14,6,5,8,30,15,21,11,12,13,29,    # ,9,10,9,99,18,45,29,7,11,15,17,29,36,17,16,32,15,12,7,17,4,7,15,28
09.02.2022 17:00,4,40,23,27,42,41,15,4,16,18,41,7,24,7,7,11,49,18,42,20,21,16,31,46,15,16,13,96,32,42,42,10,13,23,30,34,42,27,22,58,14,26,11,29,4,27,17,26
09.02.2022 18:00,4,74,66,52,51,62,28,2,18,64,34,8,67,12,9,12,90,48,49,47,23,35,61,51,22,54,33,100,68,75,64,13,13,40,65,78,59,44,68,80,35,56,39,66,6,29,42,36
09.02.2022 19:00,4,70,69,69,67,76,56,2,15,66,49,9,87,22,31,13,88,86,54,72,26,33,56,57,23,72,62,109,99,100,73,15,14,67,71,74,54,32,60,77,36,48,56,55,6,50,62,45
09.02.2022 20:00,4,60,58,72,89,83,57,2,14,56,48,10,66,43,34,10,80,81,47,62,32,52,55,48,18,70,59,95,100,88,71,10,12,63,59,69,53,35,51,61,32,51,38,42,9,47,59,55
09.02.2022 21:00,4,55,56,74,75,77,52,1,13,46,42,9,62,41,30,15,67,70,43,45,29,46,49,51,22,65,55,101,90,67,67,17,12,51,63,68,49,29,44,55,28,50,45,32,9,45,43,56
09.02.2022 22:00,5,50,50,70,62,68,55,1,13,44,29,18,49,37,28,17,64,68,38,44,23,38,45,52,24,59,61,88,75,66,60,23,12,53,58,65,46,26,36,58,26,46,28,28,8,40,31,45
09.02.2022 23:00,5,40,44,66,59,62,54,1,13,38,22,18,56,34,26,19,58,58,34,32,20,31,41,44,24,51,43,59,34,60,54,31,11,51,54,59,43,24,33,55,19,41,28,27,8,36,22,36
09.02.2022 24:00,5,28,41,57,54,57,53,3,14,33,21,19,39,32,18,12,53,51,26,31,18,27,38,35,23,41,41,67,49,42,51,21,12,44,48,51,34,23,29,44,20,36,25,20,8,27,17,31
10.02.2022 01:00,4,29,34,55,50,54,47,2,16,31,22,25,40,31,14,12,41,41,21,30,19,23,33,26,18,31,41,63,45,28,48,18,10,38,46,46,23,23,26,37,17,31,26,15,7,28,14,28
10.02.2022 02:00,3,25,31,55,50,54,31,2,17,32,23,19,42,29,19,18,35,34,18,27,14,19,31,24,15,28,25,39,34,26,45,14,11,33,42,44,23,19,23,33,15,25,26,13,8,23,11,25
10.02.2022 03:00,3,22,30,53,46,47,33,3,16,28,20,26,37,28,10,15,34,32,19,23,13,16,35,21,16,26,22,48,35,22,42,16,10,29,36,41,26,23,25,31,21,24,27,14,7,18,12,22
10.02.2022 04:00,3,25,28,53,47,49,36,5,14,28,19,28,36,26,10,19,37,33,23,25,13,15,35,20,17,19,16,45,34,19,42,18,14,27,35,40,41,23,23,36,23,24,23,14,7,25,14,20
10.02.2022 05:00,3,35,30,56,37,45,39,1,12,28,24,33,34,28,14,17,30,29,25,23,14,16,35,29,20,18,16,54,33,27,43,19,15,29,33,42,34,25,20,34,24,25,26,14,8,19,13,19
10.02.2022 06:00,2,34,32,56,44,54,39,3,12,27,25,31,43,30,12,18,40,27,27,37,19,18,40,26,23,23,19,62,33,37,42,21,16,36,37,43,39,23,22,33,27,27,25,17,9,31,18,21
10.02.2022 07:00,3,45,37,61,60,61,42,15,12,29,31,22,47,35,23,27,46,36,32,61,25,20,41,29,22,50,32,99,50,44,45,21,19,38,39,48,41,33,23,38,28,30,24,23,10,40,33,29
10.02.2022 08:00,4,69,41,56,57,61,50,5,13,34,30,19,41,36,27,49,52,75,29,72,24,25,44,48,24,53,54,106,68,59,49,29,18,42,44,56,44,40,26,41,30,39,29,26,12,46,36,35
10.02.2022 09:00,5,81,48,32,56,64,19,9,14,33,25,17,56,37,28,23,51,55,26,34,26,29,46,44,32,49,45,110,65,53,46,29,15,41,41,53,42,34,23,34,25,33,25,35,13,44,29,57
10.02.2022 10:00,4,61,52,17,35,31,19,13,15,28,21,12,35,39,18,12,51,36,26,11,30,    # ,40,26,26,45,23,111,56,52,35,27,11,34,38,50,35,25,26,34,23,35,28,35,13,27,22,61
10.02.2022 11:00,5,34,24,13,26,23,9,5,14,33,22,11,31,36,6,10,42,25,27,8,23,    # ,    # ,34,16,12,18,81,26,56,26,30,16,34,33,45,32,18,27,33,23,25,21,35,13,13,19,32
10.02.2022 12:00,4,17,14,    # ,29,20,9,10,13,33,31,10,21,23,6,12,29,18,26,6,12,    # ,    # ,31,13,8,8,72,21,45,22,20,20,29,29,31,30,14,28,39,22,15,20,41,13,7,21,25
10.02.2022 13:00,3,17,17,7,    # ,18,7,7,12,15,24,10,13,10,8,13,22,14,22,6,11,    # ,    # ,25,9,6,5,55,14,30,19,11,17,30,17,16,29,6,26,40,16,9,20,26,12,6,26,28
10.02.2022 14:00,3,23,18,8,29,24,9,4,13,10,22,9,12,11,7,12,26,15,16,5,12,    # ,    # ,28,7,9,5,73,15,43,19,10,11,28,16,15,29,6,28,33,13,11,20,29,13,6,27,31
10.02.2022 15:00,4,25,15,11,30,24,11,16,12,17,20,9,12,9,6,10,33,16,20,7,13,16,    # ,22,7,9,7,76,18,35,18,9,10,32,18,18,32,4,34,25,11,13,9,34,14,6,16,24
10.02.2022 16:00,5,25,11,13,32,25,9,10,14,13,23,8,11,9,10,10,40,19,17,6,12,15,32,27,6,14,7,80,18,44,14,9,7,49,24,23,42,5,30,28,15,15,10,30,5,8,14,36
10.02.2022 17:00,7,28,16,16,46,39,15,15,16,12,27,8,13,9,5,12,44,10,20,11,15,18,42,34,9,15,8,86,20,46,14,10,6,48,30,33,59,7,54,27,15,14,15,22,6,8,19,47
10.02.2022 18:00,7,27,15,26,52,34,17,19,17,11,24,7,24,8,11,10,45,11,23,54,17,15,56,27,10,27,12,102,31,68,20,8,7,56,30,27,61,7,71,26,15,16,20,24,6,40,21,32
10.02.2022 19:00,8,25,15,35,68,36,24,13,17,12,21,9,80,8,26,12,48,10,17,79,19,14,64,17,14,26,17,100,40,67,16,12,8,47,27,28,65,4,54,20,13,14,16,32,7,66,15,29
10.02.2022 20:00,15,21,11,30,50,32,27,15,18,18,25,9,81,8,34,10,41,18,13,41,14,11,38,19,15,28,17,73,23,49,15,11,7,32,23,20,61,4,50,30,13,14,13,27,8,53,15,34
10.02.2022 21:00,12,13,12,24,40,33,17,24,17,20,19,10,53,9,33,8,23,14,13,17,13,10,32,21,13,44,22,67,31,52,23,12,7,24,15,12,53,5,43,39,6,12,13,25,6,32,15,25
10.02.2022 22:00,7,13,11,16,28,22,15,17,17,17,17,9,40,10,26,9,21,12,10,10,14,7,28,17,22,41,16,58,28,36,26,12,7,41,15,14,54,6,38,36,6,11,9,22,6,37,22,21
10.02.2022 23:00,7,18,11,15,18,24,21,7,17,13,14,8,38,18,22,7,23,12,6,20,9,6,22,25,15,49,17,63,30,39,36,10,8,33,19,15,48,17,36,20,5,13,6,19,4,37,10,17
10.02.2022 24:00,6,27,11,13,18,22,14,14,18,11,10,9,36,22,16,7,20,12,8,22,7,9,16,21,13,40,26,68,40,43,31,7,9,14,18,12,47,15,36,16,7,21,6,19,4,32,9,17
11.02.2022 01:00,5,22,10,12,11,11,16,17,19,11,9,7,33,18,14,6,32,11,10,9,6,8,12,15,12,27,32,54,31,25,29,9,9,17,15,19,47,14,33,18,15,14,8,16,4,24,13,15
11.02.2022 02:00,5,12,9,9,8,11,9,6,19,11,10,7,34,18,17,7,51,10,17,5,8,8,14,13,17,18,14,46,21,20,24,12,8,15,15,17,45,14,30,24,11,12,8,12,4,22,12,11
11.02.2022 03:00,6,7,7,6,6,6,4,4,16,8,8,7,26,15,21,5,43,27,15,7,8,9,11,15,13,9,14,36,18,20,19,10,7,14,14,15,44,10,28,26,11,10,7,9,4,20,15,9
11.02.2022 04:00,5,8,7,5,5,6,3,19,20,6,8,6,27,17,18,6,38,41,15,3,8,7,15,16,14,7,12,19,13,27,11,11,7,17,17,15,42,6,28,26,13,10,6,8,4,20,15,9
11.02.2022 05:00,4,9,8,5,8,6,4,20,14,5,9,6,23,7,22,7,38,30,14,3,8,7,15,8,14,5,7,12,11,13,11,7,7,33,17,15,45,4,29,39,24,8,9,9,4,18,15,11
11.02.2022 06:00,3,9,20,10,16,14,7,6,13,7,11,6,25,6,22,10,25,14,15,17,14,11,18,11,9,5,6,23,11,12,19,6,9,34,9,14,49,3,32,53,23,8,14,12,4,18,11,17
11.02.2022 07:00,4,17,36,15,29,20,9,14,11,13,16,6,13,6,31,7,26,8,16,26,15,14,14,11,5,10,8,67,17,30,10,6,8,19,10,14,55,5,34,33,7,10,9,19,4,14,12,25
11.02.2022 08:00,5,24,33,13,34,21,9,16,13,16,31,5,17,7,30,9,19,11,15,10,28,24,21,18,6,15,14,64,19,26,13,11,5,23,19,19,57,5,47,24,13,15,12,31,4,15,20,38
11.02.2022 09:00,7,19,24,14,34,20,9,10,14,9,29,6,13,6,28,11,22,9,12,9,20,25,15,16,6,12,15,54,17,28,14,10,4,25,17,18,60,4,25,22,10,14,11,30,5,7,14,43
11.02.2022 10:00,7,16,18,13,32,21,11,10,18,10,25,5,11,6,16,6,25,8,11,7,14,19,16,21,7,12,12,56,15,26,18,8,5,27,15,14,52,4,19,18,11,10,10,23,5,7,15,19
11.02.2022 11:00,6,15,18,10,30,17,8,8,25,10,20,6,10,6,7,6,16,7,11,11,12,16,17,36,5,11,10,61,15,26,15,8,5,25,13,15,9,4,17,18,10,9,9,21,3,6,12,15
11.02.2022 12:00,6,21,15,8,28,14,6,12,11,7,20,7,10,7,9,7,16,7,10,9,11,15,16,42,6,9,8,54,10,29,12,8,4,29,14,18,10,3,14,14,7,11,9,22,3,5,12,17
11.02.2022 13:00,5,24,13,9,30,19,8,11,11,7,22,7,10,6,8,8,18,8,9,10,9,13,18,22,4,7,6,60,11,31,12,10,4,35,17,21,10,4,15,20,8,13,11,17,4,6,13,26
11.02.2022 14:00,4,20,14,9,34,21,8,9,9,7,19,7,8,8,9,10,21,9,10,5,10,14,24,14,4,9,6,64,13,41,11,10,6,36,16,15,14,4,17,21,9,11,10,18,5,6,12,28
11.02.2022 15:00,5,19,13,12,32,21,8,12,9,7,18,7,11,7,8,9,18,9,11,4,14,15,20,15,6,9,7,66,14,41,11,11,5,32,16,16,20,4,21,21,9,11,9,17,4,6,16,36
11.02.2022 16:00,6,17,15,10,34,21,7,8,6,7,19,7,14,7,6,7,16,8,11,8,13,16,21,17,7,12,9,77,16,31,12,10,6,33,19,19,9,4,26,24,9,12,8,13,5,8,15,22
11.02.2022 17:00,8,23,18,14,36,23,10,7,6,8,18,9,16,8,11,8,24,9,13,11,15,14,19,28,8,13,10,76,19,32,16,10,6,41,22,20,21,6,23,31,9,12,12,19,7,10,20,24
11.02.2022 18:00,6,29,30,16,45,33,15,7,9,7,17,9,13,8,5,6,27,11,14,17,20,14,26,26,9,22,11,81,25,61,24,12,7,55,27,29,20,6,23,30,10,17,13,19,7,28,17,34
11.02.2022 19:00,6,33,36,19,45,27,15,4,9,11,18,9,32,8,9,8,27,15,13,23,18,13,30,30,12,30,18,92,38,59,28,12,8,49,35,34,22,7,26,30,10,20,21,18,6,41,17,43
11.02.2022 20:00,8,31,38,24,51,30,21,7,9,12,17,9,20,8,17,7,28,17,14,20,23,8,24,36,10,20,19,72,26,43,17,13,10,34,18,33,57,9,19,30,9,19,18,17,6,40,17,34
11.02.2022 21:00,10,28,61,19,43,34,23,7,9,10,15,10,10,7,14,6,27,17,13,36,22,7,21,34,11,22,15,70,25,42,17,12,10,35,17,24,56,10,15,32,9,18,16,15,5,32,15,33
11.02.2022 22:00,9,26,49,24,42,33,21,13,12,13,16,11,13,7,22,6,23,14,13,23,18,7,18,40,13,31,16,70,43,43,32,13,10,35,17,18,53,20,12,27,9,14,13,22,5,22,17,30
11.02.2022 23:00,9,26,56,30,45,32,21,6,6,10,23,10,13,10,21,6,23,16,11,30,19,8,19,20,10,45,20,60,38,51,40,14,10,33,17,19,56,18,11,31,9,15,16,34,5,16,13,31
11.02.2022 24:00,7,29,47,28,35,41,31,6,10,10,22,9,12,7,15,7,20,16,13,22,16,8,17,20,10,43,23,65,42,44,43,15,12,26,17,18,48,17,11,32,9,18,13,33,5,13,12,28
12.02.2022 01:00,6,32,48,49,42,54,39,4,11,15,23,11,11,7,11,5,18,18,18,25,14,8,15,17,11,45,31,62,37,43,56,13,13,23,18,18,43,17,10,46,12,16,12,29,5,12,10,38
12.02.2022 02:00,5,41,43,42,37,45,36,2,12,31,23,10,14,12,12,6,20,18,21,27,12,18,19,14,13,34,27,57,39,33,45,11,12,20,20,20,44,18,11,37,16,19,13,32,5,13,10,38
12.02.2022 03:00,5,40,39,45,45,38,30,2,8,20,25,10,16,20,11,8,19,18,23,23,15,24,16,14,16,34,33,55,48,39,48,11,8,18,25,25,37,20,14,32,18,27,13,19,4,16,21,37
12.02.2022 04:00,4,23,41,45,37,41,34,2,4,35,24,15,27,13,11,13,20,16,26,21,12,21,15,11,14,34,38,54,42,42,41,16,11,31,38,30,41,19,20,42,19,33,8,17,3,19,24,33
12.02.2022 05:00,4,19,45,44,38,41,28,2,6,33,23,13,33,14,13,15,28,18,21,18,16,19,17,11,16,34,35,48,40,40,38,10,9,35,42,37,39,24,24,37,20,34,14,24,2,19,28,35
12.02.2022 06:00,5,21,42,42,44,39,23,2,6,32,31,20,45,21,12,17,43,29,23,27,18,21,19,14,17,35,32,46,36,37,34,21,7,37,46,50,41,36,31,38,15,32,18,24,2,15,33,31
12.02.2022 07:00,7,39,45,44,44,43,25,2,7,30,42,13,56,23,11,26,49,40,28,37,20,16,24,15,20,38,27,48,36,37,35,19,9,38,43,53,48,24,41,42,16,32,21,23,3,27,37,34
12.02.2022 08:00,7,42,44,42,44,42,24,4,5,35,30,27,40,24,27,29,47,46,27,44,17,12,33,14,19,39,31,58,39,43,26,19,9,38,39,55,53,23,38,40,19,33,15,27,3,31,37,34
12.02.2022 09:00,6,44,45,35,39,34,19,8,8,31,21,22,24,19,25,40,29,43,25,34,16,14,29,16,18,44,27,40,27,30,23,19,10,36,48,55,45,20,39,34,20,33,13,30,4,33,37,39
12.02.2022 10:00,4,40,12,27,30,26,15,8,7,29,15,17,22,16,13,19,19,17,24,19,18,21,20,14,16,24,17,30,23,28,20,21,12,37,41,54,39,14,36,32,24,27,12,34,4,18,28,46
12.02.2022 11:00,5,26,24,20,31,20,12,5,6,26,18,11,18,11,6,11,16,16,19,10,16,15,13,14,13,15,10,19,12,25,16,15,10,20,19,46,34,13,14,24,19,16,10,12,3,20,13,53
12.02.2022 12:00,4,20,16,19,34,18,10,11,5,18,12,8,15,7,3,8,13,14,14,11,8,12,9,13,9,10,6,14,11,20,16,12,7,11,13,31,26,8,13,16,12,8,9,11,3,13,7,16
12.02.2022 13:00,4,19,7,16,27,16,9,9,4,21,10,6,14,7,2,8,13,12,12,9,10,8,10,13,6,9,6,16,8,19,16,9,6,10,8,40,27,5,11,21,9,7,7,12,4,16,11,15
12.02.2022 14:00,5,17,7,15,25,13,8,10,4,12,10,4,14,5,3,7,12,12,9,8,9,7,8,14,6,8,5,18,8,18,15,5,5,8,8,37,23,4,13,21,9,7,9,9,3,14,9,12
12.02.2022 15:00,5,20,8,15,25,16,7,13,4,10,14,4,11,5,7,7,10,11,10,10,8,6,7,15,6,8,5,19,8,18,14,4,4,9,7,33,25,6,11,20,7,7,9,11,3,14,8,8
12.02.2022 16:00,5,16,10,15,29,17,8,21,6,11,12,3,12,5,12,7,11,12,11,13,9,7,10,17,6,9,5,20,10,22,16,4,4,12,10,40,28,7,11,23,9,8,7,17,3,12,13,8
12.02.2022 17:00,6,27,10,18,26,20,10,14,10,16,14,4,13,7,12,7,17,15,20,13,10,12,10,25,6,11,5,33,13,20,23,5,5,14,12,38,25,13,16,21,8,12,15,16,3,19,15,9
12.02.2022 18:00,6,44,19,31,35,35,14,5,18,34,26,5,17,15,14,12,36,29,40,31,11,28,14,44,11,24,12,50,19,29,41,9,7,23,18,45,28,10,44,39,7,22,35,29,4,23,20,19
12.02.2022 19:00,8,78,54,66,53,51,38,2,13,70,46,10,24,22,20,13,53,51,65,64,21,47,46,46,9,52,26,66,32,47,68,13,8,26,32,52,73,16,71,68,23,51,36,33,5,42,31,24
12.02.2022 20:00,10,75,58,59,54,49,36,2,12,55,49,9,33,20,19,9,60,95,55,39,25,49,46,43,15,64,34,76,40,70,68,24,8,49,38,58,67,26,55,74,24,66,29,23,5,52,51,52
12.02.2022 21:00,9,66,62,37,42,44,38,2,14,56,37,12,52,23,19,9,43,57,49,28,21,46,42,45,21,60,45,52,54,68,69,14,8,45,40,62,64,35,55,72,20,48,33,29,3,45,57,51
12.02.2022 22:00,7,51,53,64,56,64,50,1,7,51,42,11,49,26,23,11,40,48,45,20,27,31,52,22,15,59,53,50,44,49,58,9,10,47,52,63,46,29,52,67,14,56,40,26,3,32,44,49
12.02.2022 23:00,5,56,49,55,56,61,44,3,11,50,37,11,42,27,21,9,48,52,43,22,27,31,59,20,23,55,54,57,35,39,55,11,8,43,38,52,45,30,46,59,16,38,25,32,3,26,37,46
12.02.2022 24:00,5,52,53,50,50,53,41,3,11,45,21,12,31,40,16,11,47,48,36,27,22,27,52,15,25,48,32,61,40,34,49,14,8,39,41,52,36,20,43,57,14,26,21,23,3,21,36,44
13.02.2022 01:00,4,45,50,44,46,49,39,2,11,42,18,13,23,43,16,11,38,43,35,22,19,24,44,14,16,44,27,69,40,35,40,19,9,27,34,49,34,20,39,43,13,30,15,45,5,22,35,38
13.02.2022 02:00,4,41,39,41,41,47,38,2,10,39,17,14,33,47,17,10,40,33,32,22,20,26,37,10,14,44,35,64,27,24,42,14,10,21,30,31,24,23,33,36,11,23,12,34,6,28,37,35
13.02.2022 03:00,4,44,34,38,35,41,41,2,10,28,16,16,38,32,16,9,42,35,29,23,18,27,42,20,13,43,34,38,21,25,38,14,11,20,23,23,27,27,30,33,16,23,15,28,6,18,28,33
13.02.2022 04:00,3,42,32,36,33,37,37,2,10,28,17,21,33,31,17,10,38,37,28,25,18,25,37,28,11,43,27,30,17,18,36,14,10,22,23,21,24,22,29,33,18,32,15,32,6,10,25,32
13.02.2022 05:00,3,43,38,29,25,30,33,2,9,26,28,19,22,32,14,8,37,41,27,28,18,25,34,28,12,37,10,30,17,18,35,14,10,24,22,27,28,19,28,27,17,28,15,31,6,8,29,29
13.02.2022 06:00,3,42,39,26,23,30,31,2,8,27,26,16,25,26,19,9,35,44,28,34,15,25,36,19,15,32,16,49,19,18,37,15,12,28,27,40,28,20,27,28,15,32,15,29,7,9,18,32
13.02.2022 07:00,3,42,38,30,25,34,28,3,9,27,33,15,45,28,21,10,37,41,28,23,18,24,34,9,19,32,20,40,23,11,37,15,12,31,26,33,33,20,27,32,15,32,16,31,8,9,20,30
13.02.2022 08:00,3,43,40,35,27,36,33,2,8,29,22,15,48,35,26,11,36,114,25,16,18,24,36,9,20,39,18,71,30,28,37,17,12,44,26,29,42,21,27,29,18,22,16,30,9,13,26,28
13.02.2022 09:00,3,44,36,35,36,48,33,2,9,25,18,14,33,31,27,23,33,49,23,26,17,21,33,10,17,38,26,63,24,20,31,17,11,28,23,31,36,18,25,30,13,19,14,28,9,13,20,35
13.02.2022 10:00,3,35,32,35,26,32,17,11,9,21,14,13,24,25,14,13,30,29,19,9,18,25,28,12,16,13,20,56,22,15,27,15,11,21,17,25,36,18,22,22,12,15,12,31,8,9,15,46
13.02.2022 11:00,2,25,31,25,22,23,13,12,8,18,13,12,15,21,9,7,25,21,15,10,18,13,23,15,9,8,11,56,16,14,22,14,12,17,16,24,34,12,21,18,12,14,11,19,7,6,14,37
13.02.2022 12:00,2,18,14,18,28,19,10,8,7,15,14,12,15,16,3,6,24,19,16,8,16,10,25,13,7,6,8,57,17,15,20,12,12,17,14,24,31,11,18,19,12,13,10,19,7,5,14,23
13.02.2022 13:00,3,17,9,14,19,14,7,3,5,15,14,10,19,15,2,6,24,18,14,10,8,10,28,15,13,5,6,43,12,16,16,10,11,15,13,24,24,9,20,17,12,11,10,18,7,4,13,19
13.02.2022 14:00,2,15,7,9,23,13,5,4,5,14,13,8,17,12,2,6,17,16,15,4,6,9,18,16,13,5,5,34,10,25,15,7,11,14,12,29,31,9,11,18,12,10,10,19,7,13,13,14
13.02.2022 15:00,2,14,7,8,21,12,5,3,5,14,16,7,17,11,2,6,19,21,15,3,6,8,11,20,14,6,5,46,6,22,15,7,10,13,11,29,25,8,10,21,12,10,11,19,6,9,14,17
13.02.2022 16:00,2,17,7,8,16,18,5,3,6,14,17,8,14,10,4,7,21,20,17,6,7,7,15,19,10,7,4,34,8,17,14,6,10,15,12,30,40,7,17,24,12,11,11,12,5,16,15,14
13.02.2022 17:00,3,24,8,12,22,23,7,3,8,19,18,9,22,12,6,8,27,29,26,17,10,15,19,27,15,12,5,31,11,18,18,8,11,16,13,31,25,11,22,29,16,16,12,23,6,13,19,14
13.02.2022 18:00,3,33,13,24,51,33,12,2,9,30,24,10,29,18,9,12,66,68,49,74,21,20,23,40,21,21,12,53,17,29,37,10,12,24,20,48,31,20,79,46,29,25,36,32,8,26,37,29
13.02.2022 19:00,4,44,41,53,71,59,42,2,9,30,28,10,61,28,20,13,56,50,48,59,25,22,23,49,34,45,20,80,30,46,76,10,14,35,29,56,80,23,65,58,34,49,38,53,6,41,75,43
13.02.2022 20:00,5,48,52,72,64,58,44,5,8,32,30,10,48,31,24,14,69,35,48,63,32,22,55,55,29,57,22,86,37,56,81,11,14,37,34,55,63,23,60,75,22,58,28,34,6,47,65,54
13.02.2022 21:00,6,72,59,47,36,37,26,6,8,29,32,13,58,28,19,14,49,58,43,53,38,23,48,43,17,68,27,105,47,75,79,11,14,34,30,55,58,17,59,55,20,33,21,44,6,48,54,45
13.02.2022 22:00,6,62,67,32,28,40,36,5,7,24,42,14,50,30,20,12,71,58,38,46,32,18,46,37,20,66,40,92,65,82,72,11,13,28,30,44,59,21,54,47,22,21,18,58,4,37,42,58
13.02.2022 23:00,6,50,34,49,45,59,43,2,7,22,32,14,42,32,17,8,74,60,39,22,27,27,38,42,20,63,62,61,63,67,66,12,13,32,27,46,54,23,49,48,21,18,19,56,4,33,39,58
13.02.2022 24:00,5,22,26,39,35,42,45,2,8,25,24,13,40,28,14,7,61,51,33,18,23,21,47,36,20,41,54,58,37,30,56,12,9,26,25,29,43,19,44,49,17,16,15,41,4,28,39,49
14.02.2022 01:00,3,19,19,31,29,33,27,2,9,19,18,12,30,30,14,6,53,49,28,11,20,35,45,7,20,19,38,43,31,20,49,11,10,32,21,35,33,26,36,43,18,19,19,31,4,24,35,41
14.02.2022 02:00,3,23,16,18,16,21,22,9,9,20,20,11,30,24,18,6,42,45,26,4,15,25,46,6,14,17,22,38,24,19,52,10,11,30,21,23,30,16,31,37,13,19,16,38,6,20,30,26
14.02.2022 03:00,3,27,23,15,18,22,20,2,10,22,19,10,30,24,18,8,37,42,29,8,10,24,45,6,13,11,16,24,19,22,49,10,11,26,18,36,29,17,29,30,14,23,14,33,7,20,30,34
14.02.2022 04:00,3,22,29,22,15,24,21,2,9,19,21,10,26,23,19,9,36,38,28,10,10,36,35,6,15,10,12,26,18,31,49,9,13,22,20,31,29,16,30,31,18,22,17,26,5,16,28,40
14.02.2022 05:00,3,22,26,21,28,33,27,2,10,18,18,11,29,21,17,12,47,39,30,27,11,36,40,6,19,10,15,33,19,16,43,10,15,20,19,37,31,16,30,35,22,21,39,30,5,18,29,56
14.02.2022 06:00,2,27,46,36,32,39,37,2,10,19,22,12,45,22,20,14,45,45,37,44,15,40,42,9,23,18,13,42,23,22,45,10,15,24,26,48,41,18,34,47,27,22,37,28,5,25,36,51
14.02.2022 07:00,2,43,53,55,47,50,53,2,13,26,26,11,61,27,8,19,50,49,50,62,18,35,39,12,23,48,20,68,41,60,47,11,14,29,34,65,45,21,52,51,34,24,44,29,5,40,40,72
14.02.2022 08:00,3,60,62,68,65,67,62,3,15,30,32,12,60,35,6,23,51,52,59,77,37,37,39,35,33,41,32,75,54,83,47,12,16,38,43,70,48,28,59,55,37,35,51,41,5,51,46,71
14.02.2022 09:00,3,48,63,73,78,72,64,4,13,31,27,13,49,38,8,21,46,40,52,60,38,28,36,39,29,37,34,77,57,80,47,13,16,36,39,60,44,20,55,51,34,29,36,43,6,37,46,78
14.02.2022 10:00,4,35,50,72,72,62,48,7,13,26,22,13,35,31,4,15,36,31,29,47,24,21,40,22,26,30,31,85,43,66,51,13,15,29,31,55,44,18,42,35,31,24,24,32,6,13,50,95
14.02.2022 11:00,3,36,33,58,59,50,30,8,12,23,19,12,37,25,4,13,32,    # ,23,31,21,18,34,32,26,15,22,66,36,41,44,11,15,22,25,50,37,15,39,31,20,18,18,33,6,7,43,53
14.02.2022 12:00,4,35,29,43,58,40,22,6,11,24,21,10,29,23,5,14,30,30,27,25,13,19,30,31,23,18,18,86,33,52,37,10,    # ,23,25,53,17,16,27,32,20,19,16,34,5,11,19,31
14.02.2022 13:00,4,30,13,29,44,28,16,2,10,19,26,5,27,21,2,14,33,32,25,16,9,20,26,30,21,15,18,84,29,53,38,10,    # ,23,23,53,14,18,23,32,23,16,16,40,5,28,21,27
14.02.2022 14:00,4,35,10,26,48,29,20,9,10,24,24,4,28,21,2,13,36,36,23,8,15,21,21,28,23,26,17,66,27,43,34,11,12,24,26,51,15,17,25,40,24,17,20,46,5,25,23,22
14.02.2022 15:00,3,36,17,29,41,30,14,10,9,30,28,5,27,22,3,16,38,38,23,9,16,27,18,32,20,45,17,82,43,49,32,13,13,26,29,53,14,21,31,34,24,19,17,28,5,31,25,23
14.02.2022 16:00,14,44,22,32,53,36,19,7,12,37,29,7,30,28,3,23,45,43,30,5,18,29,31,37,21,48,25,65,33,45,34,14,17,30,31,62,21,26,34,43,30,25,21,29,5,25,30,33
14.02.2022 17:00,32,58,21,31,61,54,26,7,13,41,30,6,38,38,5,22,51,52,46,28,16,34,37,42,26,51,33,77,40,52,42,16,18,38,36,63,34,31,62,61,40,34,23,41,6,24,43,43
14.02.2022 18:00,49,73,12,52,74,76,46,7,14,41,29,18,40,46,6,22,59,63,61,72,14,28,58,46,35,62,45,76,59,66,51,20,21,43,43,66,59,41,88,78,46,37,47,57,8,49,45,38
14.02.2022 19:00,53,62,17,48,77,72,63,7,13,46,31,9,37,57,16,19,68,76,58,40,26,31,64,44,38,69,49,91,74,80,47,27,20,47,46,68,57,44,75,86,37,41,42,43,8,63,53,27
14.02.2022 20:00,32,47,31,36,60,57,59,10,12,47,30,9,43,56,24,19,68,59,50,21,21,27,66,44,30,66,66,87,73,80,43,20,19,43,45,61,55,41,62,94,31,37,34,15,8,49,58,23
14.02.2022 21:00,12,55,38,29,52,39,35,11,10,43,33,5,45,54,34,19,60,62,40,13,19,28,61,39,33,65,66,91,72,76,38,9,19,43,48,66,47,38,59,75,33,45,52,23,8,41,66,15
14.02.2022 22:00,9,42,30,23,27,22,17,9,12,42,31,5,45,56,30,19,57,50,36,9,15,29,53,31,25,51,46,75,63,65,35,7,23,55,58,64,61,42,49,62,32,57,50,36,8,37,62,16
14.02.2022 23:00,6,29,65,15,26,18,19,8,18,26,37,5,49,55,36,14,55,45,37,9,13,44,52,21,20,19,26,52,35,42,29,7,18,61,60,63,53,40,46,58,32,52,55,25,9,34,53,11
14.02.2022 24:00,7,17,55,12,15,14,13,8,19,13,41,6,38,52,25,14,46,43,33,10,10,38,46,17,21,24,18,52,26,33,21,8,19,56,53,55,47,34,45,52,31,33,49,18,9,29,42,13
15.02.2022 01:00,7,12,56,10,11,11,7,9,15,10,37,5,44,46,14,16,44,41,26,8,7,36,43,15,21,18,14,44,22,30,17,5,15,55,44,51,38,26,42,51,21,34,43,17,9,34,42,10
15.02.2022 02:00,7,10,46,9,10,10,6,7,13,10,40,5,44,42,20,15,44,45,27,8,7,36,47,19,22,12,11,34,20,24,22,6,19,46,40,42,43,26,38,50,31,32,45,18,10,24,39,13
15.02.2022 03:00,5,12,18,7,8,9,6,9,12,11,32,7,42,35,23,12,40,41,26,6,8,30,47,20,28,11,11,22,17,17,20,9,15,40,38,53,43,19,37,50,28,24,36,18,11,18,35,15
15.02.2022 04:00,4,10,38,8,8,14,6,14,13,12,28,6,42,24,19,11,32,38,24,5,9,31,47,17,31,9,8,21,17,19,19,8,14,36,40,45,40,18,34,44,29,32,31,19,13,25,34,14
15.02.2022 05:00,3,14,25,12,9,11,7,10,13,21,25,7,44,27,25,8,30,36,25,8,11,32,48,15,28,5,7,15,14,16,17,12,14,37,41,43,45,18,35,46,29,20,38,20,14,23,41,18
15.02.2022 06:00,3,26,21,13,18,18,13,9,15,22,40,6,39,44,12,11,41,33,27,8,18,35,47,16,20,7,7,34,13,12,21,17,19,40,40,45,46,17,37,50,29,17,34,25,14,19,35,28
15.02.2022 07:00,4,43,28,16,22,22,16,8,16,43,44,6,44,43,38,18,55,28,29,13,32,46,51,20,10,13,11,87,25,26,28,14,19,46,47,62,52,22,42,56,31,25,37,34,12,31,39,45
15.02.2022 08:00,4,53,44,21,28,29,24,16,23,45,43,7,45,40,45,19,50,37,29,24,32,55,52,27,11,19,17,95,34,39,35,14,19,51,53,71,55,33,47,58,36,35,42,42,10,29,38,39
15.02.2022 09:00,5,53,44,20,32,35,29,17,24,46,44,9,41,44,43,17,45,28,27,22,43,39,43,35,10,    # ,25,87,37,48,34,26,17,41,52,62,64,25,47,54,34,40,34,40,12,15,37,36
15.02.2022 10:00,4,41,19,19,25,27,20,16,27,35,39,10,25,45,32,11,39,23,30,14,25,15,35,40,8,    # ,21,86,34,    # ,29,23,16,39,39,44,63,24,40,50,37,21,27,41,9,10,27,29
15.02.2022 11:00,3,31,16,15,30,24,16,12,26,20,31,10,15,23,28,9,30,15,27,11,13,17,36,39,6,14,17,81,28,    # ,22,11,16,29,32,30,60,11,38,44,27,18,22,31,11,10,26,24
15.02.2022 12:00,5,22,15,12,29,24,10,10,24,11,19,9,17,11,24,8,31,16,23,8,11,16,36,34,6,14,13,76,25,    # ,24,9,14,31,21,26,59,7,35,41,15,16,23,21,11,10,27,14
15.02.2022 13:00,5,26,13,11,38,27,11,7,18,11,20,9,25,9,14,8,26,15,20,8,10,12,31,17,7,11,11,76,24,    # ,24,9,11,25,22,22,58,7,35,45,15,14,25,18,12,11,26,15
15.02.2022 14:00,7,26,9,10,33,23,11,18,15,15,28,8,21,9,18,9,34,18,18,9,9,13,32,11,7,13,13,78,25,    # ,29,9,11,22,25,28,58,7,35,47,13,16,25,20,10,9,22,18
15.02.2022 15:00,7,26,10,14,38,24,10,14,18,9,19,8,15,9,15,13,37,16,19,8,11,10,28,14,7,15,14,78,28,    # ,15,8,9,31,26,27,59,5,38,50,13,16,26,16,11,9,16,19
15.02.2022 16:00,6,22,10,16,40,30,12,19,19,8,20,8,18,8,13,10,41,20,20,11,10,12,33,22,8,14,11,72,24,47,23,9,8,36,27,23,50,3,40,52,11,13,15,17,12,12,21,27
15.02.2022 17:00,6,26,12,17,38,25,11,22,18,12,29,7,27,17,16,10,37,30,21,14,13,14,36,28,9,19,11,74,24,44,29,11,6,36,33,28,63,4,42,52,9,18,14,14,12,17,26,34
15.02.2022 18:00,5,27,12,27,33,35,17,19,16,17,38,7,24,18,15,16,34,21,25,16,18,23,41,40,14,22,18,78,41,46,26,15,12,34,40,29,68,4,45,53,17,30,14,21,10,13,23,39
15.02.2022 19:00,6,46,38,26,33,35,27,20,18,24,39,9,23,23,15,15,35,21,27,20,19,17,31,28,11,26,20,71,34,42,48,11,13,34,46,29,68,5,45,53,28,25,19,30,6,13,40,32
15.02.2022 20:00,7,36,41,21,26,34,16,8,22,23,33,8,16,18,12,9,33,19,24,11,15,17,29,20,10,23,16,70,28,37,44,12,13,29,42,28,68,9,48,53,26,25,35,33,7,20,42,21
15.02.2022 21:00,5,25,43,19,24,16,10,26,21,19,31,7,34,25,22,8,30,21,19,8,20,12,30,10,12,18,15,54,26,32,49,11,17,37,32,20,58,22,47,50,30,23,27,31,8,19,25,24
15.02.2022 22:00,5,23,23,14,17,14,10,18,21,16,26,8,25,23,22,9,25,19,20,7,11,10,29,16,10,10,12,39,23,26,40,9,15,36,26,28,57,16,42,53,29,30,35,28,8,20,28,19
15.02.2022 23:00,5,16,11,12,12,12,10,8,16,15,16,8,17,23,21,6,21,16,21,6,8,11,22,13,9,8,9,28,17,20,33,6,14,34,28,33,59,17,39,47,23,15,36,23,9,21,25,13
15.02.2022 24:00,4,8,9,10,9,11,7,19,16,14,12,6,14,16,19,6,16,12,24,4,4,10,19,14,8,7,9,25,15,18,21,6,13,29,22,23,57,13,37,40,24,11,26,20,7,16,24,11
16.02.2022 01:00,3,6,11,11,7,11,8,8,18,15,9,5,21,15,14,6,11,9,19,3,5,9,14,15,8,10,9,22,15,17,15,5,10,19,12,15,54,14,31,39,20,10,26,18,9,8,15,10
16.02.2022 02:00,3,6,9,14,7,10,8,3,13,12,8,5,15,10,11,6,11,7,20,8,4,8,10,13,7,11,6,31,13,14,14,4,8,15,16,18,53,10,27,38,15,9,18,17,9,7,15,10
16.02.2022 03:00,3,7,10,7,4,7,7,8,12,12,6,4,27,12,18,6,11,7,19,5,4,6,10,10,8,6,6,19,9,10,12,4,8,24,13,17,45,11,23,39,13,8,13,14,9,10,16,8
16.02.2022 04:00,3,7,10,9,6,8,6,3,9,11,6,4,25,13,21,5,13,8,19,5,5,6,9,8,11,6,9,23,13,14,10,4,6,22,9,12,43,17,25,41,18,8,10,14,7,14,18,8
16.02.2022 05:00,4,7,12,12,9,11,10,13,8,11,7,3,37,12,16,5,14,7,19,9,4,6,11,8,14,10,12,31,19,17,10,4,5,25,16,13,40,9,27,36,18,8,10,17,6,14,15,9
16.02.2022 06:00,3,11,11,14,16,20,16,7,13,13,10,3,35,13,18,6,29,13,19,24,7,6,16,8,10,19,14,55,23,16,19,4,6,18,15,29,42,11,32,43,15,10,9,19,6,20,18,14
16.02.2022 07:00,3,21,15,12,18,15,17,2,14,19,15,4,31,14,24,9,27,16,44,25,10,7,25,13,12,25,22,84,35,26,22,4,10,30,21,36,34,12,35,50,16,13,11,23,5,38,17,23
16.02.2022 08:00,3,36,20,12,21,20,17,6,19,26,24,4,41,21,26,10,34,23,52,60,13,10,47,20,14,42,31,87,46,42,30,5,9,31,30,54,35,14,38,54,15,15,17,32,6,46,17,32
16.02.2022 09:00,4,28,18,12,19,17,11,18,16,19,21,5,31,24,27,9,43,32,48,65,12,11,35,21,14,40,37,82,43,38,26,6,12,33,33,40,31,11,37,48,13,13,16,33,6,22,21,29
16.02.2022 10:00,4,19,16,10,17,17,7,20,11,23,21,6,28,20,24,8,21,13,27,53,11,11,21,19,15,25,23,76,31,38,19,7,10,23,20,25,24,8,39,45,14,11,17,27,6,12,19,28
16.02.2022 11:00,4,15,16,9,15,12,5,15,10,20,20,6,22,12,21,10,14,12,17,6,12,13,22,23,14,18,19,83,33,42,20,7,8,19,16,18,    # ,5,34,48,13,10,16,24,7,6,19,22
16.02.2022 12:00,5,14,12,9,18,12,5,17,10,18,20,6,17,10,22,9,14,9,13,4,9,15,22,33,11,11,16,77,28,42,16,7,7,19,20,18,    # ,5,34,33,7,10,13,22,7,6,15,16
16.02.2022 13:00,4,13,11,6,15,12,4,16,10,15,19,5,14,9,20,14,13,8,10,7,8,14,25,25,9,6,12,54,16,40,16,6,6,18,18,18,    # ,5,37,21,6,9,9,26,8,6,16,21
16.02.2022 14:00,3,16,11,7,16,11,4,19,12,16,23,6,15,9,15,7,11,10,9,6,7,16,18,24,    # ,6,7,47,15,27,15,6,7,17,25,17,    # ,6,32,22,5,10,8,27,7,9,16,21
16.02.2022 15:00,2,17,10,7,15,12,5,18,9,14,22,6,13,10,4,7,13,10,11,4,7,25,18,26,    # ,5,6,40,15,27,14,7,7,24,31,24,    # ,5,26,19,6,11,9,27,6,13,20,22
16.02.2022 16:00,2,15,11,8,16,15,7,19,8,11,21,7,    # ,8,3,8,14,12,15,4,8,23,21,24,3,6,8,41,15,28,17,8,7,29,28,20,34,5,30,33,9,11,8,28,5,11,26,28
16.02.2022 17:00,2,20,10,10,19,15,8,19,7,10,28,8,18,8,6,7,16,11,13,6,8,11,23,26,5,6,8,46,17,31,17,8,7,18,30,18,34,6,29,34,9,10,10,26,6,10,24,30
16.02.2022 18:00,3,16,11,9,18,13,8,15,7,9,31,8,26,10,3,7,15,10,11,6,8,9,19,23,7,6,6,49,16,32,18,9,8,18,24,18,27,6,31,25,10,12,10,26,7,14,30,24
16.02.2022 19:00,3,11,9,10,17,13,7,17,9,9,21,8,24,11,16,6,13,9,10,5,8,9,14,25,5,5,5,32,13,25,16,7,7,15,24,15,23,5,51,24,8,11,10,21,6,17,24,16
16.02.2022 20:00,2,10,7,8,13,12,6,20,9,8,17,7,26,9,10,4,12,7,9,8,7,8,12,17,3,4,5,23,10,18,13,7,9,19,16,11,18,5,51,19,9,11,9,19,5,21,23,14
16.02.2022 21:00,2,9,8,7,12,8,5,14,9,6,10,6,8,8,14,4,10,6,8,2,5,4,9,15,3,4,4,17,9,15,13,7,10,19,13,9,18,5,47,14,7,9,9,16,5,24,19,12
16.02.2022 22:00,2,8,6,6,9,7,4,14,9,6,9,6,11,8,26,3,9,6,7,1,4,5,7,14,3,3,3,12,8,9,10,5,9,15,9,6,23,4,39,13,6,6,8,13,5,12,13,9
16.02.2022 23:00,2,7,5,5,5,6,3,11,9,4,8,5,8,6,18,3,7,4,7,0,4,6,6,13,2,3,3,7,6,8,9,5,8,6,9,5,20,4,18,12,6,6,6,8,4,5,9,8
16.02.2022 24:00,1,4,5,4,4,5,3,15,8,3,4,4,8,4,29,3,6,3,5,0,4,3,4,12,2,2,2,5,6,6,7,4,4,6,6,4,17,4,27,8,5,5,6,5,4,6,11,6
17.02.2022 01:00,1,3,4,4,4,4,3,16,8,3,3,3,7,4,32,2,4,3,5,0,3,2,3,8,1,2,2,5,6,5,7,3,3,5,5,4,16,4,19,6,4,4,5,5,3,5,6,4
17.02.2022 02:00,1,2,3,3,3,4,3,12,8,3,2,3,4,3,22,3,4,2,4,0,3,1,3,6,0,2,1,4,6,4,6,2,2,5,3,3,12,2,15,5,4,4,4,4,3,6,4,3
17.02.2022 03:00,2,2,3,3,2,4,3,14,7,3,2,2,4,2,13,2,3,2,4,0,3,1,3,6,1,2,1,3,5,3,5,2,2,6,3,3,14,1,9,4,3,4,5,4,3,2,3,4
17.02.2022 04:00,2,2,6,3,2,4,2,12,7,3,2,2,4,2,13,2,3,2,3,0,2,1,3,6,0,2,1,3,5,3,6,2,3,6,3,3,16,1,5,4,4,3,7,4,3,1,3,3
17.02.2022 05:00,1,2,3,3,2,3,2,11,9,2,2,2,3,2,2,2,3,1,3,0,2,1,4,6,1,2,2,4,4,5,6,2,2,7,3,3,21,2,3,6,4,3,3,3,2,1,3,4
17.02.2022 06:00,2,3,3,3,4,5,2,15,7,3,3,3,4,2,1,1,5,2,4,0,3,2,3,11,2,2,2,8,5,6,7,2,2,16,4,4,18,1,6,5,3,4,4,4,2,2,4,4
17.02.2022 07:00,2,6,5,4,7,6,3,12,8,2,5,3,5,3,1,1,6,3,4,0,4,4,5,22,2,3,3,24,7,12,10,3,2,17,8,6,28,2,7,9,3,4,5,6,2,2,5,7
17.02.2022 08:00,2,9,5,5,11,9,3,13,10,3,10,3,7,3,2,2,9,7,8,3,5,7,8,19,2,4,4,26,10,19,15,4,4,23,11,9,41,1,9,15,6,6,5,10,2,2,6,17
17.02.2022 09:00,2,9,6,8,19,17,5,13,7,3,8,3,4,3,1,2,11,5,5,2,6,9,7,17,2,4,4,26,10,22,12,3,2,17,8,9,37,1,8,13,5,6,4,10,2,2,6,10
17.02.2022 10:00,2,10,7,8,21,14,5,16,5,3,9,4,5,2,1,2,10,5,5,2,6,6,7,6,2,5,4,36,9,26,11,3,2,10,7,8,35,2,9,14,5,6,5,7,2,2,5,9
17.02.2022 11:00,2,8,7,6,24,17,5,14,4,3,8,4,6,2,1,3,10,4,7,2,5,10,8,5,    # ,5,5,42,9,24,8,3,2,10,6,7,34,2,9,17,4,6,5,9,2,2,6,10
17.02.2022 12:00,3,10,6,6,20,12,4,15,4,5,12,4,7,3,2,3,8,4,4,2,5,9,9,8,    # ,6,5,44,10,24,7,3,2,9,8,8,13,2,9,11,5,6,4,15,2,4,6,8
17.02.2022 13:00,2,13,5,5,19,12,3,17,4,6,11,4,6,3,2,3,8,4,5,2,5,8,9,6,    # ,4,4,44,10,26,7,4,2,10,7,8,    # ,1,9,11,4,6,4,13,2,5,7,11
17.02.2022 14:00,3,12,7,5,22,12,4,17,3,5,12,4,7,3,2,4,10,5,5,1,5,9,10,7,    # ,6,4,51,8,27,7,4,1,20,9,10,    # ,2,8,13,4,7,5,10,2,4,7,12
17.02.2022 15:00,3,12,8,5,24,13,4,10,4,5,16,5,7,3,2,4,12,5,6,1,6,9,9,9,    # ,5,4,54,8,30,8,4,3,19,9,10,    # ,2,9,14,5,9,5,13,2,4,7,12
17.02.2022 16:00,3,14,10,5,20,14,4,13,6,5,16,5,6,4,2,6,12,6,7,4,9,11,10,9,3,5,4,53,9,24,9,5,3,10,10,9,    # ,3,10,20,7,7,5,16,3,4,12,22
17.02.2022 17:00,3,19,15,5,23,14,4,16,4,7,18,5,7,5,2,7,16,7,7,3,9,13,16,10,4,7,5,53,10,30,10,8,3,23,16,20,    # ,3,15,20,6,8,8,14,3,6,13,28
17.02.2022 18:00,3,16,10,6,20,14,4,15,3,6,19,6,7,7,2,6,15,8,6,3,8,13,15,11,4,7,6,62,16,37,10,12,4,48,28,19,    # ,4,17,19,6,9,9,16,3,5,15,30
17.02.2022 19:00,3,13,8,6,19,14,4,11,3,6,12,5,6,7,2,5,17,8,7,3,7,11,14,7,4,6,5,52,12,27,10,6,3,33,11,12,    # ,3,10,14,6,9,8,26,3,7,12,22
17.02.2022 20:00,3,12,7,5,17,11,4,11,3,7,14,6,5,4,3,5,9,6,6,2,7,7,11,7,3,4,5,39,8,20,11,6,3,40,13,13,    # ,3,9,15,6,7,11,23,4,6,10,17
17.02.2022 21:00,4,12,9,7,21,14,4,12,3,6,12,6,5,4,3,4,9,5,6,1,6,6,7,8,3,4,4,33,8,19,10,6,3,23,14,10,    # ,3,7,12,5,7,11,18,4,3,8,10
17.02.2022 22:00,4,10,9,6,13,12,4,14,3,5,12,6,5,6,2,4,11,5,5,1,6,8,7,7,4,4,4,29,6,15,8,7,3,30,10,9,    # ,3,7,16,4,7,7,20,4,3,7,9
17.02.2022 23:00,4,12,9,6,14,11,5,18,3,5,9,6,6,5,3,4,8,9,5,1,5,8,8,18,5,4,5,33,9,25,10,6,3,28,7,8,    # ,3,8,11,4,6,5,12,4,3,6,9
17.02.2022 24:00,3,11,10,5,7,8,4,16,3,5,7,5,5,4,5,4,8,5,5,0,6,7,6,10,4,4,6,37,10,23,10,5,3,16,9,7,    # ,3,7,11,4,6,5,12,4,4,5,9
18.02.2022 01:00,3,10,10,5,6,8,4,15,2,3,6,6,6,4,11,3,5,8,4,1,6,4,6,8,6,6,5,17,12,21,16,6,4,12,9,8,2,4,5,12,3,7,6,7,4,4,5,13
18.02.2022 02:00,3,4,6,5,5,5,4,18,2,3,4,4,6,5,15,5,4,5,5,2,5,3,7,7,8,6,5,11,14,14,16,6,5,9,13,8,9,3,5,9,4,7,5,10,4,5,5,11
18.02.2022 03:00,3,4,6,4,6,5,4,18,3,7,5,4,8,6,17,2,4,4,4,1,4,4,6,7,5,3,4,8,13,9,15,4,7,12,7,6,12,2,7,9,5,6,9,21,3,5,4,6
18.02.2022 04:00,3,5,5,4,5,7,4,14,3,11,10,5,10,6,15,2,5,6,3,1,5,9,7,13,7,3,3,7,9,9,13,4,4,19,6,6,15,3,13,7,4,6,5,23,3,4,15,6
18.02.2022 05:00,2,5,8,4,7,7,3,17,4,15,23,5,8,6,15,5,7,7,5,3,6,11,8,14,6,4,3,14,8,16,13,5,5,29,10,8,18,3,12,9,3,9,5,38,3,4,30,12
18.02.2022 06:00,3,24,24,6,14,11,5,21,14,25,30,5,9,8,16,7,14,8,7,13,14,25,13,21,5,5,5,32,13,19,24,8,9,25,28,22,25,4,15,22,6,24,5,50,3,5,34,23
18.02.2022 07:00,2,52,49,13,30,22,14,15,6,33,52,6,22,20,19,9,28,12,18,15,25,49,29,15,8,11,9,76,26,36,48,8,11,40,54,41,39,9,31,68,27,26,12,56,4,6,34,26
18.02.2022 08:00,3,76,44,29,51,45,28,18,7,34,64,6,57,32,21,24,63,37,38,36,48,56,41,19,14,41,18,103,42,60,63,8,11,51,56,76,45,23,47,79,24,34,68,54,4,35,45,37
18.02.2022 09:00,3,48,49,33,53,51,26,16,9,35,57,8,37,51,22,22,53,32,45,9,33,51,26,22,9,43,26,108,44,65,62,9,14,52,51,67,40,20,47,74,35,25,36,41,4,41,46,51
18.02.2022 10:00,3,30,30,35,43,46,22,18,7,36,29,9,30,34,16,14,55,40,52,11,17,34,22,22,6,37,34,88,47,55,46,8,14,31,45,70,38,20,33,67,45,21,19,40,5,28,37,31
18.02.2022 11:00,3,27,17,34,42,44,20,9,7,31,21,4,32,30,8,9,55,41,44,23,19,21,23,20,9,23,23,52,36,52,31,8,13,21,31,56,36,14,34,58,25,16,18,38,7,13,24,46
18.02.2022 12:00,3,26,16,26,43,38,21,8,7,28,23,5,24,25,6,8,47,30,20,19,18,23,19,17,12,20,17,61,42,48,24,7,11,20,26,48,27,19,36,48,23,16,15,42,6,12,26,29
18.02.2022 13:00,3,22,10,11,26,22,11,2,8,31,28,6,20,17,5,6,44,33,20,7,8,25,16,27,12,23,22,77,45,44,24,7,14,22,22,49,23,13,41,48,24,17,16,40,7,9,26,29
18.02.2022 14:00,4,19,8,13,25,25,12,3,7,24,21,6,13,15,4,9,37,21,23,3,6,19,24,30,7,24,21,75,37,42,15,6,17,17,19,45,36,9,37,36,30,13,15,28,8,12,19,25
18.02.2022 15:00,4,19,6,10,21,15,11,4,10,22,20,6,18,14,4,10,39,15,25,2,7,19,20,26,9,21,22,97,39,37,18,8,15,22,21,31,40,7,28,34,35,14,14,22,8,9,19,21
18.02.2022 16:00,3,18,5,8,17,13,7,10,9,21,24,6,29,22,3,11,43,16,42,3,6,17,20,30,14,23,29,92,38,41,16,7,14,30,25,44,45,7,29,40,35,22,13,16,8,14,20,20
18.02.2022 17:00,3,14,5,7,14,11,8,7,13,8,23,6,34,8,4,12,20,14,43,3,6,14,25,22,16,8,19,66,23,42,17,6,10,45,32,58,50,3,38,47,36,29,19,11,9,25,24,13
18.02.2022 18:00,3,18,4,8,17,11,7,2,16,5,18,6,40,6,8,10,21,16,41,6,6,6,31,11,21,6,9,43,17,37,21,6,11,26,25,23,46,3,57,50,36,11,21,10,12,33,26,10
18.02.2022 19:00,3,13,5,9,24,22,7,9,19,5,10,5,51,6,10,5,29,20,38,6,5,4,25,18,17,8,9,51,21,48,23,5,10,17,22,15,54,3,50,49,25,10,19,9,9,33,27,9
18.02.2022 20:00,5,8,7,9,18,15,6,11,13,3,7,4,25,4,12,2,18,11,33,5,4,3,19,31,13,7,7,45,14,36,15,3,10,16,8,9,50,2,49,52,12,8,17,6,8,31,25,6
18.02.2022 21:00,6,6,7,6,14,9,5,13,12,3,7,4,15,3,19,1,7,6,20,3,4,3,15,12,12,6,7,27,12,30,5,3,8,18,4,5,46,1,45,30,11,3,12,5,7,18,14,6
18.02.2022 22:00,4,5,6,4,9,5,3,11,11,4,6,3,6,4,28,2,5,3,4,2,4,2,8,4,9,5,4,16,7,16,5,3,2,14,4,5,41,1,31,11,4,4,3,5,2,5,5,6
18.02.2022 23:00,4,5,5,3,9,6,3,17,12,4,6,3,5,4,34,3,5,2,3,0,4,3,5,5,3,3,3,17,4,9,6,3,2,15,5,5,44,2,6,9,3,4,2,5,2,3,4,5
18.02.2022 24:00,2,5,3,3,10,7,2,14,7,3,5,4,4,3,35,3,5,3,3,0,3,3,6,4,2,2,2,20,6,18,7,3,2,10,5,4,15,2,3,8,2,4,3,4,2,2,4,4
19.02.2022 01:00,2,6,5,3,6,7,3,17,4,3,3,4,4,3,6,2,3,3,3,1,2,2,6,3,3,2,2,12,6,17,5,3,3,13,4,4,3,2,4,7,3,4,2,4,2,2,4,4
19.02.2022 02:00,2,5,6,3,5,5,2,17,3,2,3,4,4,3,4,2,3,4,3,0,3,2,5,3,3,2,2,9,5,12,7,3,3,8,4,3,2,2,4,5,3,4,3,3,2,2,4,3
19.02.2022 03:00,2,3,4,3,4,4,2,19,2,3,3,4,4,3,2,2,3,4,3,0,3,2,4,2,4,1,2,5,6,9,9,2,4,9,3,3,3,3,3,5,3,4,3,3,2,1,3,4
19.02.2022 04:00,2,3,5,3,3,3,2,18,6,3,3,3,4,3,2,2,3,3,3,0,2,2,3,2,3,1,2,5,6,9,6,2,4,6,3,3,9,2,3,4,3,4,3,3,2,2,3,3
19.02.2022 05:00,2,3,6,3,3,3,2,13,4,3,3,3,4,3,2,2,3,2,3,0,2,2,4,2,3,2,2,5,5,7,4,2,4,6,4,3,17,2,3,5,4,3,2,3,2,2,3,3
19.02.2022 06:00,2,3,4,3,4,5,3,18,4,2,3,3,5,4,2,2,4,3,3,0,3,2,4,3,2,3,3,14,8,10,5,3,4,11,4,4,16,1,3,6,4,4,3,4,2,2,4,4
19.02.2022 07:00,2,4,5,5,6,5,3,20,7,4,5,3,4,3,2,2,6,4,4,1,3,3,6,4,3,3,5,15,9,10,6,3,3,19,4,4,46,1,5,7,7,4,2,6,2,2,4,4
19.02.2022 08:00,2,6,5,6,10,9,4,23,8,3,6,3,5,4,3,2,7,6,6,2,5,4,7,4,4,4,5,19,11,13,7,3,3,26,6,6,48,1,6,10,10,4,3,7,2,2,4,6
19.02.2022 09:00,3,6,9,5,10,12,4,19,9,3,8,4,6,4,4,3,9,4,6,3,7,3,7,6,3,5,4,31,10,18,9,3,3,22,6,8,25,2,7,8,7,5,3,6,2,3,4,6
19.02.2022 10:00,2,8,10,5,11,8,3,18,4,3,7,3,7,4,3,3,9,3,7,4,5,4,7,8,4,4,3,36,9,21,7,4,3,23,6,8,4,2,9,9,6,5,3,8,2,3,5,7
19.02.2022 11:00,2,10,6,4,14,10,3,25,3,3,7,4,7,3,2,3,11,3,5,7,5,4,8,11,4,4,2,35,7,25,8,4,2,23,6,9,7,2,8,10,5,5,3,7,2,3,6,8
19.02.2022 12:00,3,11,5,5,20,9,3,23,4,3,8,4,5,3,2,3,13,4,7,5,5,4,9,8,4,4,3,43,8,23,8,3,2,20,6,9,5,2,7,10,4,6,4,7,2,3,6,11
19.02.2022 13:00,3,9,6,5,21,11,4,16,3,3,8,3,4,3,2,2,14,4,7,4,4,4,10,7,3,5,3,39,8,29,8,3,2,19,8,10,2,2,9,11,5,6,3,7,2,3,5,9
19.02.2022 14:00,3,9,4,5,22,10,5,19,3,3,8,3,5,3,2,3,12,4,6,2,5,3,11,8,3,4,3,59,10,44,8,3,2,17,8,11,2,2,8,12,5,6,4,6,2,3,6,10
19.02.2022 15:00,3,6,7,4,27,12,6,20,3,4,9,4,7,3,2,3,13,3,7,4,5,4,12,9,4,4,3,62,12,42,8,3,2,21,8,11,3,2,8,14,4,6,3,7,2,3,6,13
19.02.2022 16:00,3,5,5,5,24,12,6,20,5,5,12,4,6,3,3,3,15,5,7,2,7,3,13,11,4,6,4,58,14,42,8,4,2,20,9,11,5,2,10,17,3,7,5,8,2,3,6,21
19.02.2022 17:00,3,14,7,8,25,17,7,23,7,7,14,4,9,4,3,3,17,6,9,5,8,5,17,11,5,6,5,63,14,42,13,4,3,28,9,11,14,2,12,18,4,8,6,8,2,4,7,14
19.02.2022 18:00,4,32,9,14,32,20,11,13,6,13,20,5,17,6,4,5,25,9,18,13,14,7,28,18,8,8,7,87,23,61,18,7,4,36,14,19,28,3,42,38,6,14,13,13,2,12,10,22
19.02.2022 19:00,4,39,15,25,35,28,23,5,8,18,35,6,43,11,11,7,54,23,36,31,20,24,38,33,9,23,13,76,31,42,31,9,10,25,31,21,54,8,68,67,26,27,26,28,3,42,16,22
19.02.2022 20:00,4,44,20,25,30,29,23,5,15,20,34,6,32,17,18,10,60,60,54,29,12,24,42,36,9,19,14,71,26,42,42,9,9,23,40,24,58,10,60,74,24,55,36,27,4,45,32,19
19.02.2022 21:00,5,58,24,22,26,22,23,22,19,15,33,5,17,22,21,9,39,37,48,19,11,15,37,27,7,15,15,61,23,40,35,7,9,33,49,38,57,15,56,76,16,39,26,20,3,29,34,12
19.02.2022 22:00,5,23,10,18,22,23,16,23,12,15,14,6,15,20,18,6,28,18,37,20,6,9,36,26,8,11,11,39,16,31,33,7,7,40,38,39,46,16,51,69,16,33,32,17,5,22,34,16
19.02.2022 23:00,5,10,6,14,21,23,18,19,6,11,16,6,14,13,13,4,20,16,31,15,3,7,33,23,8,11,9,39,16,32,30,6,7,34,24,35,41,11,45,70,24,13,23,15,6,13,16,9
19.02.2022 24:00,4,7,6,13,16,20,15,25,6,11,13,6,12,9,12,4,15,12,36,5,4,7,22,15,9,10,9,39,15,28,21,4,9,25,17,18,34,14,41,57,24,7,19,7,5,22,11,5
20.02.2022 01:00,3,5,8,6,8,8,6,13,5,5,5,4,12,6,16,3,13,9,20,4,4,3,16,11,11,6,8,18,13,22,11,3,7,8,9,7,27,8,32,34,22,6,16,5,6,18,12,6
20.02.2022 02:00,3,3,6,4,7,5,4,14,7,5,7,3,12,4,13,4,8,6,9,1,4,5,9,7,7,5,5,12,11,17,8,3,7,8,4,4,26,3,24,35,8,5,12,7,6,17,7,4
20.02.2022 03:00,3,4,5,4,5,5,4,15,7,5,5,4,11,5,14,3,4,3,6,1,4,4,7,15,10,4,4,8,9,18,8,2,4,4,5,4,28,2,22,8,5,4,6,6,4,10,8,3
20.02.2022 04:00,3,4,6,4,5,4,3,15,6,3,4,3,9,4,15,2,3,3,4,0,3,3,5,12,6,2,2,5,6,11,6,2,3,4,5,4,20,3,13,6,3,4,6,5,4,9,8,3
20.02.2022 05:00,2,2,11,4,4,4,3,13,13,3,3,3,5,3,17,2,3,2,4,0,3,2,4,7,5,2,2,4,6,9,6,2,3,4,5,4,27,3,4,4,3,4,4,9,3,3,12,4
20.02.2022 06:00,2,2,11,4,4,4,3,14,15,4,3,3,4,3,21,3,4,2,4,0,3,2,4,7,3,2,3,6,7,6,6,3,3,15,3,4,28,2,4,4,3,4,3,6,2,2,10,4
20.02.2022 07:00,2,3,11,4,4,4,3,18,13,5,3,3,4,3,25,2,4,2,4,0,4,2,5,6,2,2,3,8,8,8,7,3,2,22,4,4,26,2,4,5,3,4,7,5,2,2,6,4
20.02.2022 08:00,3,3,9,4,6,5,3,19,9,4,3,3,4,4,15,3,4,4,4,1,6,2,5,6,4,3,3,8,7,9,10,3,3,15,5,5,30,2,4,4,4,5,3,5,2,3,5,5
20.02.2022 09:00,3,4,5,4,6,6,3,24,8,4,4,3,5,4,7,3,6,3,4,1,7,2,6,10,4,3,3,12,8,10,8,3,3,13,4,5,28,2,5,6,4,7,3,7,2,3,5,6
20.02.2022 10:00,3,5,6,5,8,6,4,31,6,4,6,4,5,4,2,3,8,3,4,1,5,3,6,11,3,3,3,21,10,14,8,3,4,17,5,6,25,2,6,8,4,6,3,9,2,2,5,9
20.02.2022 11:00,3,6,7,4,6,6,3,19,6,4,6,4,4,4,2,3,7,3,4,1,5,3,6,12,3,3,3,25,10,15,7,7,3,12,6,7,30,3,6,8,3,6,5,9,2,2,5,6
20.02.2022 12:00,2,7,8,4,8,6,4,17,5,7,7,4,4,4,2,3,8,3,5,0,5,3,7,11,3,2,2,17,7,14,6,6,2,7,9,6,22,3,5,8,4,6,4,8,3,2,7,7
20.02.2022 13:00,2,6,6,4,8,6,3,14,3,5,8,4,4,4,2,3,6,3,5,0,6,3,6,7,3,3,2,29,7,15,8,4,2,11,6,6,26,2,8,9,3,5,6,9,3,1,6,6
20.02.2022 14:00,2,5,5,4,12,7,3,16,3,4,8,4,4,4,2,3,7,3,5,1,5,3,6,6,3,3,2,28,7,15,8,4,2,10,6,6,29,2,6,9,3,5,3,8,2,2,7,7
20.02.2022 15:00,2,6,5,5,10,8,3,9,3,5,9,4,4,4,2,3,7,3,6,1,6,3,8,9,3,3,3,29,8,16,7,4,3,13,5,6,29,2,7,8,3,6,4,7,3,2,7,7
20.02.2022 16:00,3,6,6,4,8,7,3,24,4,4,10,4,4,4,2,3,6,3,6,1,5,3,8,9,4,3,3,24,8,18,8,4,2,17,6,7,17,2,8,9,3,6,8,9,3,2,12,9
20.02.2022 17:00,3,6,5,4,9,6,3,24,4,4,11,4,4,5,2,3,7,4,6,3,5,3,10,11,5,3,3,34,9,22,9,4,2,24,6,7,24,2,9,13,3,6,7,10,3,2,7,11
20.02.2022 18:00,3,6,5,6,15,8,4,6,7,5,10,5,5,5,3,3,8,4,7,4,6,3,12,11,5,4,5,33,12,22,10,4,3,9,8,7,56,2,12,12,4,6,6,12,3,4,7,15
20.02.2022 19:00,3,8,5,5,10,8,3,20,13,7,10,5,6,5,11,3,8,4,7,8,5,3,10,22,8,5,6,44,15,31,11,5,3,12,9,7,55,2,12,12,4,6,6,13,2,16,7,16
20.02.2022 20:00,3,6,6,5,11,8,3,24,24,11,7,5,7,5,25,3,7,4,7,5,5,3,10,14,10,6,7,45,18,31,12,3,3,9,9,7,42,2,8,11,4,7,4,12,2,25,9,11
20.02.2022 21:00,5,6,5,5,9,7,4,18,17,5,7,5,6,6,31,2,6,3,5,3,5,3,9,9,8,5,7,37,15,29,12,3,4,8,7,6,50,2,7,10,3,6,5,11,2,31,11,9
20.02.2022 22:00,4,4,4,5,7,6,4,17,22,5,8,5,22,5,34,2,5,3,4,2,4,3,8,6,6,5,5,24,12,23,9,3,3,6,7,5,37,2,7,10,3,5,6,9,3,13,6,7
20.02.2022 23:00,3,4,5,4,7,6,3,22,23,6,6,4,16,4,26,2,4,3,4,1,3,3,6,5,8,4,4,13,9,15,6,3,3,7,5,5,38,2,5,7,3,4,5,9,2,13,5,4
20.02.2022 24:00,3,2,6,5,5,5,3,9,22,3,4,3,12,4,22,2,3,2,3,0,3,2,5,3,7,2,3,7,7,8,5,3,3,5,5,3,29,1,4,7,3,4,4,7,2,13,7,4
21.02.2022 01:00,2,2,4,2,3,4,3,6,16,2,3,3,12,3,21,1,4,2,3,0,3,2,4,3,7,2,2,5,6,6,6,3,4,4,4,3,24,1,3,4,3,3,3,5,2,11,9,3
21.02.2022 02:00,2,2,3,2,2,3,2,15,10,4,2,3,11,3,18,2,3,1,3,0,3,3,3,3,7,2,2,5,6,6,5,2,3,3,3,3,22,2,3,3,3,3,3,5,2,6,3,3
21.02.2022 03:00,2,1,2,2,2,3,2,19,10,4,2,3,12,3,19,1,2,1,3,0,2,1,3,3,4,2,1,3,5,4,4,2,3,3,3,3,30,1,2,3,2,3,3,4,2,5,3,3
21.02.2022 04:00,2,1,4,2,2,3,2,9,11,3,2,3,9,2,19,1,3,1,2,0,2,1,3,4,4,1,1,3,5,3,5,2,2,6,3,2,33,2,2,4,2,3,2,3,2,6,9,2
21.02.2022 05:00,2,1,5,2,3,3,2,15,10,3,2,3,17,2,15,2,3,1,3,0,2,2,3,3,3,1,2,4,5,5,5,2,2,5,4,3,38,1,3,8,2,3,2,4,1,3,9,4
21.02.2022 06:00,2,5,6,3,6,4,2,16,9,3,7,3,7,2,21,2,5,2,4,1,6,6,4,5,3,2,2,9,6,6,6,4,2,29,6,5,37,1,7,6,2,4,3,6,1,5,7,10
21.02.2022 07:00,2,17,12,5,14,8,3,16,13,4,13,3,10,3,21,4,9,4,#,2,6,9,7,8,4,3,3,29,11,15,6,5,2,26,10,13,43,1,12,12,5,5,6,15,2,5,7,24
21.02.2022 08:00,4,21,13,9,37,25,6,16,15,12,20,4,5,6,7,5,20,11,    # ,2,8,16,13,9,4,7,6,57,11,21,18,8,3,36,27,27,48,3,11,36,4,16,14,21,2,3,13,24
21.02.2022 09:00,3,16,9,16,32,25,7,11,12,4,24,5,8,4,12,4,21,15,12,6,8,13,14,10,4,11,9,69,22,44,13,7,3,43,22,18,17,3,13,31,5,13,12,14,2,3,16,17
21.02.2022 10:00,3,12,11,11,21,14,6,24,4,4,16,5,8,3,23,5,16,10,11,5,9,11,14,8,4,7,9,56,20,34,10,5,4,25,9,9,28,3,24,23,6,9,7,12,3,5,12,11
21.02.2022 11:00,2,12,9,9,18,12,5,22,6,3,12,4,7,4,3,4,16,8,8,3,7,10,15,7,3,6,6,42,16,30,14,4,4,22,9,11,22,2,20,20,4,7,6,9,3,4,9,10
21.02.2022 12:00,3,13,6,8,19,12,5,24,6,5,14,4,6,4,3,4,12,6,8,3,5,9,13,5,4,5,5,35,13,35,14,4,5,22,9,9,24,2,16,22,5,6,5,11,3,3,10,8
21.02.2022 13:00,3,9,8,6,18,11,4,18,4,3,13,4,7,3,2,4,13,7,8,2,5,7,13,5,3,4,4,31,11,28,12,3,4,16,10,10,13,3,12,19,5,7,5,8,3,2,9,9
21.02.2022 14:00,3,9,7,6,16,10,4,19,5,4,14,4,7,4,2,5,11,7,8,0,7,7,13,6,3,5,    # ,31,12,23,10,4,4,18,9,7,13,2,11,15,5,7,4,8,2,2,8,13
21.02.2022 15:00,3,12,9,8,22,14,11,23,10,4,12,4,6,4,2,4,11,7,8,2,9,6,12,8,4,5,    # ,35,11,26,12,4,4,24,13,12,17,2,11,14,6,6,4,14,2,2,7,12
21.02.2022 16:00,3,12,9,8,22,18,6,18,6,6,14,5,6,4,3,5,13,11,10,3,9,9,12,7,4,6,5,49,16,32,14,4,3,15,15,12,11,3,15,16,5,9,6,13,2,2,8,19
21.02.2022 17:00,3,15,13,8,21,14,5,21,5,8,12,5,7,5,2,5,14,7,9,3,11,7,17,11,5,6,6,43,18,29,15,5,3,12,18,16,9,3,16,23,5,8,6,13,3,3,8,22
21.02.2022 18:00,4,18,16,7,16,13,6,25,6,8,14,6,8,7,3,5,14,6,9,3,8,8,22,12,6,6,7,33,15,28,17,6,4,11,17,17,15,3,19,22,5,8,7,13,3,3,9,24
21.02.2022 19:00,4,13,11,8,16,11,5,23,6,6,13,6,7,6,3,5,11,6,8,3,8,6,14,9,5,5,6,34,15,24,16,6,4,12,15,11,12,3,16,18,5,8,6,13,3,3,10,15
21.02.2022 20:00,3,11,13,7,14,11,5,20,4,5,10,6,5,6,3,6,8,5,7,3,8,6,12,8,3,4,5,24,11,20,13,6,4,18,10,10,13,4,11,13,5,8,7,11,3,3,9,11
21.02.2022 21:00,4,7,9,7,13,10,5,18,3,5,10,5,5,5,3,5,7,5,6,2,9,6,8,5,4,4,4,23,10,16,12,6,5,17,7,7,2,4,7,12,5,7,5,10,3,2,8,9
21.02.2022 22:00,4,6,12,6,11,9,4,10,5,5,7,5,5,5,3,5,8,6,6,2,11,5,7,5,5,4,4,18,9,17,10,6,5,13,7,6,4,4,6,9,5,5,6,8,3,2,8,9
21.02.2022 23:00,4,8,10,8,13,10,5,10,3,4,6,5,6,5,3,3,8,4,5,0,7,5,6,5,6,4,4,21,7,13,16,6,4,15,7,6,5,4,5,10,5,6,5,9,4,3,6,11
21.02.2022 24:00,4,7,6,8,9,9,5,12,3,3,7,5,6,5,3,2,6,4,4,0,4,3,6,6,5,4,4,16,8,13,12,5,4,12,7,6,3,4,4,8,5,5,5,7,3,3,5,8
22.02.2022 01:00,4,6,8,7,7,9,4,10,3,4,6,5,7,4,3,2,5,3,4,0,4,4,6,5,6,4,4,15,8,13,10,4,3,14,7,7,3,3,4,8,5,4,4,7,2,3,5,7
22.02.2022 02:00,4,6,7,6,7,6,6,12,3,4,5,5,7,4,2,2,5,6,4,0,4,3,6,3,5,4,3,12,8,9,10,4,4,6,5,5,2,3,4,5,4,4,6,7,3,3,5,7
22.02.2022 03:00,4,5,8,6,6,5,4,10,3,4,6,5,6,4,2,2,6,4,4,0,4,4,5,3,6,4,4,9,11,8,8,4,4,5,5,6,2,4,4,6,4,4,4,6,3,3,6,6
22.02.2022 04:00,3,5,7,5,6,6,4,12,3,3,6,4,6,4,2,4,5,3,4,0,4,4,5,4,7,4,3,9,7,8,6,4,3,6,4,5,3,3,6,7,5,5,5,8,4,2,5,10
22.02.2022 05:00,3,6,11,6,6,9,4,10,3,3,7,5,7,4,2,4,6,3,4,2,5,3,6,4,5,3,4,17,7,14,8,5,3,8,6,5,3,4,8,8,4,6,6,9,3,3,7,6
22.02.2022 06:00,3,10,11,6,12,10,5,13,3,4,7,5,8,4,3,3,13,6,5,3,7,5,8,7,5,5,5,43,9,18,9,6,4,27,13,11,6,4,9,10,5,7,8,10,3,3,9,17
22.02.2022 07:00,4,18,16,10,27,19,6,18,5,12,12,5,9,6,7,7,19,8,9,5,13,15,13,10,6,8,8,67,14,25,18,9,4,30,19,15,14,4,15,21,9,9,9,21,2,4,13,34
22.02.2022 08:00,4,31,33,15,38,33,13,16,7,21,21,5,13,6,5,8,31,18,14,9,18,24,17,16,8,12,11,75,18,36,33,9,4,33,33,21,15,5,18,31,19,19,17,26,2,7,17,54
22.02.2022 09:00,4,23,22,16,41,32,10,17,10,8,20,5,9,7,7,7,17,10,12,4,11,16,24,11,4,11,11,74,20,41,20,13,4,29,21,15,14,4,13,27,17,19,10,24,3,6,16,34
22.02.2022 10:00,5,16,12,10,34,22,8,15,5,6,20,5,12,8,6,6,15,7,11,2,10,20,16,11,8,7,7,62,13,32,18,8,5,31,28,18,34,5,11,16,12,11,9,18,3,8,11,17
22.02.2022 11:00,4,17,8,10,37,23,9,17,6,7,18,4,11,6,2,6,17,7,13,6,8,19,14,8,7,7,6,    # ,12,31,13,7,5,21,17,12,22,4,13,16,9,8,8,17,3,5,12,13
22.02.2022 12:00,3,19,8,8,35,20,7,20,5,8,16,5,9,5,2,4,17,7,12,4,10,14,12,8,5,7,5,45,11,27,15,6,5,27,13,12,14,3,9,18,9,9,11,16,3,5,11,13
22.02.2022 13:00,4,14,9,8,26,19,6,22,5,5,15,5,9,4,3,6,16,8,12,7,8,11,13,10,5,6,4,52,10,26,11,5,4,18,12,11,7,3,12,18,11,10,10,16,3,4,12,14
22.02.2022 14:00,4,18,11,7,29,16,6,20,7,6,19,6,10,4,    # ,5,17,9,12,4,10,14,14,7,5,5,4,53,10,26,13,6,4,26,14,15,6,4,15,19,10,9,8,14,3,4,13,21
22.02.2022 15:00,5,19,13,7,23,16,7,23,7,5,18,7,12,5,3,5,19,7,10,5,12,14,16,7,5,7,5,45,12,26,10,7,4,33,18,17,17,4,15,18,8,9,8,11,3,4,11,21
22.02.2022 16:00,4,19,10,9,24,19,9,23,6,11,22,7,10,6,3,7,19,9,13,5,13,13,18,8,4,8,6,54,16,34,15,8,4,40,21,21,29,5,15,21,11,13,8,19,3,5,13,33
22.02.2022 17:00,5,22,12,13,30,21,11,26,7,12,32,8,11,8,3,10,25,13,14,7,15,12,25,16,7,12,9,70,23,45,17,8,5,46,23,22,32,6,21,28,8,13,9,17,3,5,16,33
22.02.2022 18:00,5,21,12,12,25,16,9,18,10,11,24,8,10,9,3,9,23,13,17,9,14,14,28,16,8,11,12,58,24,43,21,9,6,44,27,21,48,5,30,28,10,13,10,18,5,7,18,30
22.02.2022 19:00,5,17,10,10,25,18,8,20,8,8,19,7,16,8,3,9,20,12,14,7,14,10,26,16,9,10,9,57,21,36,22,9,8,42,21,22,48,5,34,26,11,14,8,17,5,15,15,21
22.02.2022 20:00,4,12,10,8,19,14,7,14,7,7,14,7,16,7,2,8,14,9,12,6,11,7,17,12,8,8,9,48,18,33,15,7,7,25,12,14,34,5,28,25,10,11,10,13,5,7,15,20
22.02.2022 21:00,4,9,9,8,17,11,7,21,7,7,9,6,8,6,3,6,10,10,8,3,9,5,12,11,9,6,6,31,13,23,14,7,6,20,12,12,34,5,21,14,5,9,10,13,5,6,11,14
22.02.2022 22:00,4,7,10,6,12,9,6,22,6,7,8,5,7,6,2,5,11,11,6,3,6,4,11,12,8,4,5,19,11,16,10,7,6,23,11,10,36,4,11,12,6,8,7,11,5,3,9,12
22.02.2022 23:00,4,6,13,6,11,8,6,12,5,7,7,5,6,5,2,5,8,6,6,3,6,4,9,7,7,4,5,16,11,15,13,6,6,16,8,7,36,3,8,10,5,7,6,10,4,3,8,10
22.02.2022 24:00,3,5,8,5,7,7,5,20,3,5,5,4,5,5,2,4,5,4,9,3,5,4,8,4,5,4,4,10,10,12,10,4,5,12,6,6,26,3,7,11,6,6,5,8,3,3,7,8
23.02.2022 01:00,3,4,8,5,5,5,4,12,3,5,4,4,5,4,3,4,5,4,7,1,6,4,6,6,5,3,4,9,8,9,9,4,4,17,6,5,17,2,6,8,4,5,8,6,3,2,8,7
23.02.2022 02:00,3,5,11,5,6,5,4,19,4,4,4,4,5,4,2,3,4,3,5,0,5,3,6,5,4,3,3,5,7,7,8,3,6,19,5,5,16,3,6,5,5,5,4,6,3,2,5,10
23.02.2022 03:00,3,4,15,4,6,6,5,15,5,4,5,3,6,3,2,2,4,4,4,1,6,2,6,6,5,3,3,6,8,6,8,5,5,6,7,4,19,3,6,5,5,4,3,6,3,2,5,9
23.02.2022 04:00,2,6,35,4,6,7,4,17,4,10,6,4,5,4,6,2,4,5,4,0,7,2,6,5,4,2,3,6,8,6,10,5,3,6,5,5,20,1,7,5,5,4,4,9,3,2,6,9
23.02.2022 05:00,2,8,54,5,6,6,3,20,5,11,15,5,5,5,13,3,8,4,4,1,6,12,6,5,6,3,3,8,8,9,3,8,3,10,9,8,19,2,6,8,6,6,4,18,3,1,6,19
23.02.2022 06:00,3,27,52,9,23,19,6,24,3,6,24,6,8,9,24,7,17,6,6,2,12,44,10,10,4,4,4,47,7,13,16,10,3,55,18,19,25,4,14,17,10,10,12,22,2,2,14,26
23.02.2022 07:00,3,51,53,13,37,28,11,22,4,20,54,7,10,15,19,11,33,17,12,4,17,56,15,17,6,14,9,96,26,42,37,12,5,68,25,39,22,8,19,47,14,14,23,55,3,4,21,46
23.02.2022 08:00,4,52,62,25,45,34,17,13,9,29,70,8,11,15,10,12,40,31,25,18,32,63,36,28,10,24,15,100,45,68,54,19,8,72,45,41,37,15,33,47,20,32,50,48,4,6,37,55
23.02.2022 09:00,3,37,46,29,48,37,12,5,5,40,52,8,13,14,9,7,33,21,20,28,29,65,24,18,8,21,19,99,39,54,40,18,10,53,37,31,47,8,18,29,5,22,11,50,4,8,24,60
23.02.2022 10:00,3,22,50,13,48,26,7,11,8,27,22,7,10,9,10,7,33,12,14,10,19,27,16,21,7,14,12,91,26,49,33,12,8,39,24,23,15,    # ,13,33,7,13,9,26,5,5,15,31
23.02.2022 11:00,4,19,28,9,45,19,5,29,5,8,17,5,10,6,5,5,30,9,13,6,16,13,15,17,5,9,10,74,16,43,22,7,5,22,18,18,18,4,13,21,9,11,9,14,5,5,15,19
23.02.2022 12:00,3,18,11,6,39,17,4,8,5,5,17,5,8,5,3,5,27,10,12,8,    # ,13,16,15,4,11,    # ,65,14,47,16,5,3,27,12,16,18,3,12,19,9,8,9,14,4,4,11,21
23.02.2022 13:00,3,18,7,5,35,17,5,4,3,6,17,4,8,4,5,4,32,7,10,10,    # ,9,17,11,4,6,    # ,65,12,32,12,5,3,21,11,14,7,2,10,19,7,8,8,11,3,4,10,14
23.02.2022 14:00,3,15,5,6,39,13,5,2,3,6,18,4,10,4,4,4,38,9,9,6,    # ,12,18,    # ,4,6,    # ,59,11,28,11,5,4,18,13,20,6,2,13,22,4,7,7,13,4,3,11,18
23.02.2022 15:00,4,17,6,9,38,12,4,3,3,5,16,4,16,4,4,5,25,10,12,4,    # ,10,18,7,6,7,    # ,63,13,26,11,5,4,17,13,23,13,2,11,17,5,8,6,12,3,3,9,21
23.02.2022 16:00,3,24,12,9,33,14,4,3,4,6,20,5,11,4,4,7,34,11,15,6,    # ,13,23,10,6,7,12,73,13,34,14,5,5,17,13,25,23,4,15,30,7,10,6,16,3,3,12,36
23.02.2022 17:00,3,30,15,9,34,19,5,3,4,7,28,6,12,5,4,8,40,19,23,9,    # ,18,32,7,6,9,15,80,20,40,17,7,7,19,23,40,26,8,17,45,11,13,7,16,3,11,14,39
23.02.2022 18:00,4,49,39,29,54,35,10,5,7,19,55,7,51,6,4,13,83,21,47,15,19,35,52,8,15,21,15,75,18,44,22,10,8,19,41,55,40,11,58,43,10,46,26,38,4,28,30,25
23.02.2022 19:00,6,82,79,69,67,51,30,8,12,51,61,6,75,20,9,30,98,76,57,36,21,67,51,15,17,45,25,56,31,59,38,13,8,44,70,89,49,19,72,98,27,77,33,56,5,33,53,49
23.02.2022 20:00,8,67,72,61,70,47,13,5,10,47,55,8,77,31,18,26,80,86,57,59,25,48,44,29,29,52,30,67,35,52,38,8,7,73,74,91,35,17,65,92,22,72,33,58,5,53,61,60
23.02.2022 21:00,9,58,72,55,60,35,15,2,6,50,53,12,44,40,18,22,61,98,48,53,17,46,49,33,37,49,28,57,34,53,63,7,7,64,78,86,34,17,57,76,19,53,31,53,5,52,58,57
23.02.2022 22:00,7,59,58,54,52,31,22,2,8,52,45,15,41,49,16,32,43,57,33,46,26,35,56,37,26,27,19,32,20,32,66,16,10,61,77,73,21,14,47,70,18,52,23,45,5,41,48,50
23.02.2022 23:00,8,57,58,48,47,34,39,3,11,53,35,15,30,49,14,30,62,49,41,39,16,36,54,41,27,25,15,33,23,31,54,15,15,63,65,69,29,10,41,60,20,52,21,25,4,13,36,49
23.02.2022 24:00,7,49,57,60,54,59,42,3,10,53,32,12,24,51,12,33,58,45,39,26,16,30,53,26,28,33,17,37,23,22,51,19,14,59,52,66,23,21,38,50,17,52,15,29,3,12,29,45
24.02.2022 01:00,6,45,55,61,63,64,37,2,14,43,36,14,25,49,14,11,50,46,33,15,18,30,49,19,24,41,34,58,34,34,45,14,11,50,52,61,15,21,35,33,16,48,18,26,3,17,26,44
24.02.2022 02:00,7,43,49,51,51,57,37,2,11,35,40,15,23,39,14,23,55,40,26,16,18,24,43,19,21,48,28,52,36,39,40,18,8,48,55,59,23,21,31,37,15,41,19,29,3,12,30,39
24.02.2022 03:00,5,48,26,34,36,39,32,2,11,34,38,13,27,36,14,16,48,29,15,13,17,21,38,15,15,32,20,30,19,22,40,23,8,41,47,49,28,26,29,40,11,40,17,29,3,14,28,33
24.02.2022 04:00,4,45,32,35,36,37,31,2,16,30,32,12,34,24,15,11,40,36,17,14,16,24,27,13,14,22,20,37,23,36,34,26,11,38,34,51,26,19,31,34,13,37,30,34,4,15,27,26
24.02.2022 05:00,3,45,20,41,39,43,31,2,8,22,28,12,39,22,15,12,39,26,21,21,19,25,31,16,12,21,26,49,29,37,34,13,12,41,36,43,25,16,30,38,11,36,35,23,3,16,25,25
24.02.2022 06:00,3,49,19,42,43,45,34,2,7,21,15,12,39,31,17,12,40,26,24,36,24,30,38,25,18,29,21,78,42,31,32,25,8,44,39,49,24,22,33,48,18,34,23,23,4,26,27,23
24.02.2022 07:00,3,64,24,45,44,46,36,2,7,34,28,13,40,48,19,15,46,42,30,45,34,39,43,24,22,32,29,88,57,46,34,29,7,38,50,64,30,27,40,49,21,47,30,35,5,32,27,34
24.02.2022 08:00,9,75,32,48,43,46,37,2,10,40,35,15,54,54,22,26,43,54,31,51,41,49,43,29,17,42,54,76,60,58,35,39,11,52,57,74,37,27,49,52,30,47,39,46,6,39,34,32
24.02.2022 09:00,7,59,    # ,45,46,49,43,4,9,41,33,16,43,45,24,21,54,46,30,40,42,52,45,33,16,50,51,79,56,47,31,30,8,41,50,67,37,27,37,38,26,33,24,48,7,33,40,34
24.02.2022 10:00,3,38,    # ,43,43,43,38,8,8,40,24,16,31,44,7,17,41,40,28,35,42,27,30,23,22,32,43,105,60,41,29,15,10,27,34,53,34,24,36,32,26,29,21,42,7,22,31,31
24.02.2022 11:00,2,31,    # ,31,33,35,30,4,7,28,21,14,21,33,7,16,35,34,24,28,26,20,31,    # ,20,23,39,89,52,48,28,11,13,21,28,50,26,16,26,31,20,17,23,38,8,28,21,22
24.02.2022 12:00,3,24,    # ,23,38,28,16,6,6,26,18,11,26,26,9,13,37,27,22,10,11,19,31,    # ,17,12,24,78,21,47,22,8,13,18,25,48,18,13,22,26,17,16,16,30,8,25,18,17
24.02.2022 13:00,4,26,    # ,13,    # ,25,9,11,6,19,17,5,27,21,5,8,32,16,17,5,10,18,20,    # ,19,7,8,68,17,33,18,6,13,19,21,35,19,13,22,23,17,15,14,23,9,15,18,17
24.02.2022 14:00,4,14,    # ,7,    # ,    # ,7,12,6,14,15,5,25,7,4,6,32,14,16,3,9,12,18,    # ,18,7,7,70,16,38,17,6,10,16,19,21,21,14,21,27,15,9,18,17,6,6,19,23
24.02.2022 15:00,3,16,10,7,24,17,9,17,9,12,21,7,26,10,5,8,23,11,18,4,9,11,26,    # ,18,7,6,75,14,35,21,7,10,14,24,19,24,8,27,25,14,9,16,16,4,6,17,30
24.02.2022 16:00,4,18,12,9,23,17,8,19,16,8,30,7,34,8,5,10,18,11,21,9,8,13,25,31,16,8,6,80,15,42,20,10,7,18,29,17,20,2,31,39,11,8,15,23,6,6,18,28
24.02.2022 17:00,7,20,11,13,22,20,12,24,11,11,27,5,48,8,8,8,18,14,15,9,13,10,33,31,22,11,9,78,22,59,23,7,6,23,22,19,44,3,50,51,10,11,20,15,11,16,24,27
24.02.2022 18:00,7,18,9,14,24,18,12,22,15,8,21,6,52,5,13,7,27,13,15,5,10,7,29,18,35,12,14,53,26,45,27,7,7,54,23,25,36,3,79,41,10,15,27,15,12,45,29,30
24.02.2022 19:00,6,18,7,13,25,17,11,21,16,8,19,7,38,8,25,6,24,14,16,5,9,6,28,12,20,11,14,43,24,35,29,9,8,22,26,18,60,4,73,33,10,13,21,16,13,22,21,26
24.02.2022 20:00,5,23,6,12,24,15,12,19,15,10,12,6,22,8,11,5,17,14,14,12,8,5,24,10,9,9,13,51,20,30,26,8,10,24,17,17,62,3,63,33,10,14,9,16,6,43,12,16
24.02.2022 21:00,4,23,12,13,16,14,10,20,15,8,12,6,10,6,13,4,12,9,12,8,9,5,18,10,7,6,10,39,16,25,26,7,7,30,17,17,59,3,57,28,8,14,7,8,3,24,12,13
24.02.2022 22:00,4,10,14,11,13,11,7,19,11,4,7,5,12,4,35,5,13,8,10,5,7,3,12,15,7,6,9,23,14,20,21,4,7,20,15,11,46,3,53,17,7,16,11,7,4,14,16,11
24.02.2022 23:00,4,6,26,7,11,9,6,17,10,4,6,4,11,3,20,2,12,7,10,3,7,3,13,6,8,5,7,16,12,17,8,5,6,8,5,5,39,2,46,16,7,5,13,10,5,17,10,14
24.02.2022 24:00,5,6,12,4,5,5,4,12,16,4,6,4,6,4,18,2,6,3,5,3,5,3,12,5,6,5,6,15,10,15,3,4,3,12,7,6,44,2,40,7,5,4,2,13,3,7,5,10
25.02.2022 01:00,4,5,9,4,4,5,3,17,13,7,4,3,9,5,19,2,4,2,2,0,4,4,5,3,6,2,6,13,5,8,4,3,2,18,8,6,23,1,33,5,2,5,3,9,2,6,4,8
25.02.2022 02:00,3,5,7,4,5,5,3,5,10,6,5,4,4,4,17,2,5,2,2,0,5,3,5,3,4,3,3,19,6,8,6,3,2,10,6,5,18,2,4,6,3,5,4,6,2,2,3,6
25.02.2022 03:00,2,6,11,4,6,5,3,12,5,4,6,4,3,4,6,3,6,2,3,1,4,4,5,4,2,3,4,15,8,10,5,4,2,6,6,6,3,2,3,8,2,5,4,6,2,1,5,7
25.02.2022 04:00,2,9,18,4,6,6,4,10,3,3,6,5,5,4,9,3,6,3,3,1,4,5,4,3,3,2,4,7,7,8,6,5,3,9,6,8,4,2,3,5,3,4,3,7,2,2,4,6
25.02.2022 05:00,2,9,19,5,6,6,4,20,3,4,6,5,4,4,8,2,7,3,3,0,5,6,6,3,3,3,4,11,11,16,7,5,3,23,8,10,6,2,7,6,4,6,6,12,2,2,6,7
25.02.2022 06:00,2,12,35,10,19,18,5,24,3,6,10,4,6,5,4,3,13,5,5,3,8,9,7,8,4,7,5,35,12,17,14,9,3,35,14,15,4,3,9,14,6,9,7,18,2,3,7,12
25.02.2022 07:00,2,20,58,14,31,31,10,17,7,10,19,5,9,8,10,6,18,7,10,18,22,15,13,20,4,13,8,78,20,38,32,9,4,51,27,20,6,3,17,25,6,13,11,25,2,4,12,27
25.02.2022 08:00,3,37,57,17,41,28,15,24,10,18,28,6,8,10,11,10,33,18,17,28,28,19,24,43,4,18,11,87,28,54,39,11,5,34,43,31,9,4,39,28,7,21,9,32,3,5,21,35
25.02.2022 09:00,4,27,17,10,29,18,7,19,10,12,21,6,9,11,8,11,21,16,11,17,23,11,24,45,4,20,15,89,35,42,35,9,5,31,35,28,8,5,29,31,6,14,8,28,4,6,13,26
25.02.2022 10:00,4,16,10,7,29,17,6,32,7,7,15,7,8,6,10,7,16,10,9,5,11,11,17,27,5,8,10,69,23,37,17,7,7,35,13,17,7,4,12,26,5,9,6,18,3,6,11,22
25.02.2022 11:00,4,13,9,7,26,17,6,27,4,5,13,6,8,6,11,7,19,8,11,3,8,9,19,15,5,6,4,51,13,36,17,5,6,25,13,12,4,3,11,25,6,8,5,11,3,4,11,20
25.02.2022 12:00,3,15,11,7,29,21,5,26,3,4,13,5,8,5,10,6,26,8,10,4,9,9,19,13,4,5,4,57,12,34,11,5,4,22,14,12,3,3,12,22,5,8,5,12,3,3,10,26
25.02.2022 13:00,3,17,14,8,32,22,7,18,3,4,13,5,7,4,8,6,20,8,14,4,10,8,16,14,4,5,4,63,13,33,13,6,3,22,13,13,4,4,13,20,10,8,7,13,2,3,9,21
25.02.2022 14:00,3,17,13,8,26,15,7,17,4,5,20,4,10,4,6,5,21,9,10,4,10,10,19,13,4,6,4,63,12,33,11,5,3,25,15,13,4,3,14,24,11,7,6,15,3,4,9,31
25.02.2022 15:00,3,20,9,9,31,22,7,18,4,6,15,7,7,5,3,7,26,8,11,4,10,9,17,13,4,7,5,71,15,35,14,6,3,24,17,16,8,3,15,19,14,8,6,18,3,3,8,31
25.02.2022 16:00,3,22,14,8,32,22,6,16,4,7,18,7,11,6,3,6,24,8,10,5,9,11,18,10,4,7,6,56,15,38,16,7,4,28,18,19,3,4,10,23,4,13,7,16,3,3,12,21
25.02.2022 17:00,4,21,10,8,34,19,7,15,4,9,26,9,10,6,3,7,21,8,12,6,9,13,22,11,5,8,8,52,18,29,14,8,5,46,23,27,5,4,14,23,5,13,8,18,4,5,12,30
25.02.2022 18:00,4,27,14,12,33,21,8,27,7,13,23,9,9,9,5,8,22,8,16,10,11,16,24,16,8,14,14,70,30,31,24,11,7,39,27,25,13,3,18,21,9,19,9,15,3,6,27,42
25.02.2022 19:00,5,29,37,11,38,26,7,29,9,17,29,10,9,11,5,10,25,13,21,11,22,15,25,25,6,17,15,71,28,45,40,12,6,50,33,33,14,5,30,37,11,26,11,16,3,10,25,29
25.02.2022 20:00,5,34,71,11,33,18,11,21,8,10,24,8,10,10,4,9,29,15,16,11,22,16,16,29,6,12,14,70,21,43,37,11,8,46,27,26,40,16,23,38,10,25,11,24,4,12,35,32
25.02.2022 21:00,6,27,29,16,23,24,13,19,6,6,16,10,9,7,7,7,27,12,10,14,14,13,18,12,9,11,9,51,20,35,37,9,9,31,15,18,41,21,16,30,8,16,12,26,5,7,35,36
25.02.2022 22:00,5,23,30,19,29,24,13,18,6,7,17,8,10,8,15,9,19,11,13,8,14,6,17,14,9,9,12,45,24,30,37,10,8,20,14,12,13,24,15,25,12,10,10,26,6,9,20,30
25.02.2022 23:00,5,20,50,14,28,24,11,11,5,10,20,6,9,8,8,6,21,14,12,7,12,7,16,17,9,15,11,27,19,29,32,9,10,26,18,19,20,17,15,22,13,8,15,26,6,13,12,26
25.02.2022 24:00,7,11,59,12,22,19,10,9,4,6,17,7,10,7,8,5,16,13,10,3,13,5,15,17,13,12,10,38,16,27,42,11,9,25,15,12,20,20,15,22,10,9,11,22,5,8,11,25
26.02.2022 01:00,6,9,50,13,20,17,7,14,4,9,12,6,10,6,12,5,15,14,8,2,11,6,12,15,11,7,9,33,12,23,38,10,8,16,13,11,24,8,13,24,7,9,7,18,4,6,9,21
26.02.2022 02:00,5,10,46,13,18,14,8,14,4,10,9,6,9,8,8,3,13,12,7,0,10,5,10,14,9,6,9,27,10,25,25,13,7,14,9,11,14,4,10,25,7,11,6,15,4,6,8,21
26.02.2022 03:00,6,14,44,13,20,17,9,9,5,9,10,7,9,8,12,3,14,10,5,1,9,10,10,14,8,8,10,24,11,17,26,10,6,12,11,12,5,4,8,11,7,11,6,16,3,5,8,19
26.02.2022 04:00,7,12,41,10,13,12,10,3,3,10,15,7,8,9,5,3,10,6,5,1,8,7,10,15,9,6,8,22,10,16,21,10,4,14,11,13,6,5,8,14,6,9,6,14,3,5,8,20
26.02.2022 05:00,7,15,45,8,10,9,7,3,3,14,13,8,9,9,10,4,10,7,6,2,16,5,12,15,10,6,6,24,9,16,10,14,4,12,12,14,8,7,6,15,10,9,6,16,4,7,7,22
26.02.2022 06:00,5,18,45,13,18,15,10,4,4,21,14,9,10,10,16,6,15,8,7,4,16,7,12,17,10,10,7,35,12,22,10,16,5,32,19,25,20,6,7,15,12,11,6,16,3,7,12,23
26.02.2022 07:00,5,24,49,18,24,21,13,9,7,17,22,9,11,12,34,6,16,9,8,6,9,10,13,15,11,17,12,50,15,23,12,14,5,22,25,31,25,6,10,19,10,14,10,22,3,7,16,25
26.02.2022 08:00,7,31,46,16,19,15,14,4,9,16,26,9,15,14,16,7,26,11,14,13,12,11,16,24,9,15,12,44,16,22,14,18,5,25,24,49,34,13,10,24,21,18,10,26,4,11,18,25
26.02.2022 09:00,8,37,42,12,21,14,11,7,6,28,26,10,15,13,11,8,29,8,17,8,20,13,15,21,8,11,12,51,16,26,12,19,6,25,31,38,35,10,11,19,16,19,11,28,4,6,19,23
26.02.2022 10:00,6,34,33,11,22,11,6,4,13,20,20,10,15,12,14,6,29,6,12,11,22,9,18,20,7,9,9,55,15,25,7,14,6,29,22,35,21,10,11,15,13,21,14,23,4,5,12,25
26.02.2022 11:00,5,18,21,11,24,12,4,4,22,15,21,8,11,7,9,6,28,6,14,11,15,9,19,9,6,8,8,57,7,24,4,9,4,23,18,28,23,6,11,21,12,16,7,16,5,5,14,34
26.02.2022 12:00,4,12,21,10,29,10,4,3,17,8,19,6,7,5,4,6,36,7,17,6,11,8,14,5,5,7,7,55,5,23,5,5,3,16,13,23,18,6,10,20,9,9,6,13,4,4,11,37
26.02.2022 13:00,3,14,7,8,28,9,4,2,11,12,18,5,7,5,4,6,25,7,9,5,10,8,14,4,4,7,4,60,6,23,5,4,2,10,12,30,19,3,11,12,5,7,11,14,3,5,11,23
26.02.2022 14:00,3,17,6,11,25,12,6,2,8,9,17,7,6,5,3,6,23,4,6,4,8,8,13,4,3,5,4,52,5,25,6,4,3,13,12,29,24,4,9,14,9,8,8,12,3,4,11,31
26.02.2022 15:00,3,13,6,10,39,13,5,3,9,8,20,6,6,4,3,6,30,4,10,3,7,8,16,5,3,5,5,57,6,26,5,4,3,12,11,27,14,3,10,18,8,8,9,10,3,4,14,31
26.02.2022 16:00,3,11,8,11,35,15,7,3,6,6,26,5,9,5,4,7,31,7,11,5,5,7,17,5,3,6,6,40,6,28,6,5,5,14,13,36,24,5,10,17,9,7,11,15,4,6,19,31
26.02.2022 17:00,3,8,9,12,40,16,6,4,7,10,20,5,8,5,5,7,24,9,14,7,7,7,14,5,4,6,6,38,6,24,8,6,6,18,12,46,11,9,16,21,12,8,12,16,3,7,22,22
26.02.2022 18:00,4,13,10,16,39,26,7,4,9,18,20,10,11,8,7,9,23,12,23,9,8,11,13,7,4,9,7,37,9,25,8,10,7,19,12,53,22,23,18,28,14,13,16,20,3,10,17,21
26.02.2022 19:00,4,19,68,25,41,24,11,5,15,34,37,15,13,6,7,14,30,13,26,14,7,16,18,9,7,12,9,44,11,31,16,14,6,25,15,52,34,35,18,32,17,20,25,28,3,14,22,19
26.02.2022 20:00,6,18,57,26,43,23,13,4,16,30,35,17,21,9,11,15,36,16,27,16,13,32,31,7,8,17,10,36,15,31,18,13,7,30,13,49,37,37,9,26,13,31,22,35,4,18,38,39
26.02.2022 21:00,8,16,57,23,48,26,17,4,22,28,31,10,14,11,18,17,25,24,25,17,19,42,23,8,7,26,15,35,16,35,17,18,6,35,14,44,36,34,23,29,14,44,25,56,3,24,26,51
26.02.2022 22:00,8,12,43,22,37,23,21,4,19,25,29,7,19,14,11,21,27,34,15,14,15,37,28,7,7,28,17,45,22,32,17,8,6,31,15,35,47,30,44,29,10,41,17,45,3,21,41,55
26.02.2022 23:00,10,16,49,28,41,30,24,5,15,19,31,10,22,17,11,18,25,24,14,20,16,36,32,8,10,39,15,41,23,31,22,6,6,42,21,43,45,28,44,34,10,51,13,39,4,20,53,56
26.02.2022 24:00,11,31,48,30,40,28,20,5,12,24,28,7,25,16,16,17,25,22,16,21,18,21,28,9,10,46,17,40,20,34,20,7,6,51,28,46,41,14,36,31,9,50,17,41,4,19,47,49
27.02.2022 01:00,10,42,33,29,34,28,19,4,17,27,30,8,34,15,13,14,29,14,15,11,11,19,28,11,7,47,17,43,22,38,18,6,5,42,26,38,40,9,33,28,10,50,14,27,4,14,38,34
27.02.2022 02:00,9,41,22,22,32,25,19,3,19,26,29,12,20,13,11,14,28,16,13,6,8,11,28,7,9,46,18,34,25,29,18,6,5,28,23,27,35,10,34,17,11,44,9,18,5,20,22,20
27.02.2022 03:00,7,18,36,19,25,20,20,3,11,39,36,17,21,15,11,12,25,14,17,6,10,19,27,6,13,47,22,24,24,34,16,6,6,23,26,21,31,9,33,18,8,36,6,10,4,27,19,18
27.02.2022 04:00,6,31,37,18,22,17,14,3,13,35,27,16,27,13,7,10,23,16,18,5,12,23,24,8,14,42,25,22,21,34,14,9,7,21,21,20,24,18,30,26,7,40,5,9,4,32,23,25
27.02.2022 05:00,8,32,19,18,19,15,10,3,14,21,29,17,33,16,10,15,27,16,15,6,10,17,24,10,13,35,22,23,21,30,14,12,7,20,12,25,24,5,30,19,8,40,5,19,4,31,27,29
27.02.2022 06:00,7,33,7,16,15,12,9,2,13,15,30,19,32,19,9,19,32,15,21,7,13,22,23,15,19,31,16,24,20,25,13,9,9,21,30,39,33,10,31,17,13,36,6,24,4,31,26,30
27.02.2022 07:00,6,35,11,16,15,13,10,2,14,23,35,19,32,24,14,18,27,15,24,7,13,21,23,24,21,39,18,25,19,24,12,14,7,28,20,32,38,13,31,16,14,34,6,27,3,30,31,30
27.02.2022 08:00,6,31,10,17,20,15,12,2,18,31,32,17,25,16,10,19,21,17,17,8,14,22,21,32,21,31,23,24,18,20,14,13,5,25,24,37,40,22,26,20,11,29,5,13,3,25,29,29
27.02.2022 09:00,5,19,8,16,20,13,11,3,16,18,36,13,20,13,12,26,14,10,15,7,14,12,22,19,11,22,15,17,14,17,13,9,5,24,16,27,37,10,16,16,16,26,6,9,3,10,21,32
27.02.2022 10:00,5,13,8,11,13,10,7,3,11,13,11,7,16,5,3,32,12,11,10,4,9,9,13,13,12,11,6,14,9,11,12,6,5,18,6,19,21,4,6,14,12,19,5,6,3,8,12,16
27.02.2022 11:00,4,9,7,8,10,8,5,3,11,8,7,6,10,4,3,12,11,9,7,4,6,5,5,12,7,8,5,10,6,8,9,5,3,9,4,14,15,3,5,8,6,6,4,6,3,9,6,8
27.02.2022 12:00,2,10,5,8,14,7,4,3,6,8,8,5,11,3,5,7,6,6,7,4,5,3,4,10,8,6,4,11,5,9,6,3,2,8,3,15,12,3,5,8,6,4,4,5,3,8,9,5
27.02.2022 13:00,3,7,5,7,11,6,3,3,4,7,9,3,7,4,4,6,6,6,7,4,4,3,4,5,5,7,4,13,5,9,5,3,2,7,3,16,8,2,9,9,4,5,5,4,3,8,9,3
27.02.2022 14:00,3,9,4,7,18,7,3,3,5,8,8,3,7,3,4,5,6,6,7,3,4,3,4,4,4,6,3,12,5,9,5,3,2,7,4,18,9,2,7,10,5,4,5,4,2,9,6,7
27.02.2022 15:00,3,9,4,8,19,7,4,3,5,11,9,3,7,4,4,5,6,6,9,3,4,3,6,4,4,5,4,14,5,11,5,3,2,9,4,23,5,3,7,11,6,5,5,5,2,11,7,5
27.02.2022 16:00,3,10,4,8,17,9,4,3,6,11,9,3,10,5,5,5,7,7,8,3,4,3,6,4,4,6,4,14,6,12,6,3,2,10,4,25,5,2,8,14,5,6,7,5,2,7,6,9
27.02.2022 17:00,3,11,5,10,19,9,4,4,8,12,14,4,10,4,5,7,8,7,9,5,4,6,6,5,5,6,3,18,7,15,6,3,2,12,5,21,5,3,10,19,7,8,10,6,3,9,8,6
27.02.2022 18:00,3,9,7,12,27,11,5,4,11,18,19,4,19,6,12,12,12,12,21,6,4,9,9,6,7,9,4,17,8,17,9,4,2,17,6,24,24,4,13,29,6,10,11,8,2,10,19,10
27.02.2022 19:00,4,14,18,18,29,12,8,4,13,41,26,4,22,8,10,21,18,20,51,11,11,26,11,7,6,13,8,31,12,21,13,7,3,35,21,41,30,11,41,47,13,32,11,16,3,18,31,19
27.02.2022 20:00,5,29,36,18,24,14,7,4,13,50,61,5,48,13,19,22,28,46,41,12,10,31,29,7,17,21,10,35,15,23,21,9,4,57,23,59,32,25,59,44,20,65,8,16,3,46,42,23
27.02.2022 21:00,4,58,37,26,34,17,8,4,13,57,69,6,41,12,18,38,45,48,45,12,14,26,19,7,19,33,13,39,17,25,18,9,5,69,35,59,19,38,61,33,16,77,7,40,3,61,42,24
27.02.2022 22:00,5,60,49,25,33,20,11,5,18,53,59,6,31,16,15,28,42,43,44,7,13,15,28,8,18,32,13,36,19,29,11,9,7,66,33,74,45,34,56,37,16,71,6,30,3,51,51,42
27.02.2022 23:00,5,66,38,21,27,17,14,6,23,46,50,9,43,23,14,28,40,25,41,7,6,34,32,7,18,32,18,32,20,25,11,7,9,63,28,77,44,42,51,58,13,62,6,24,4,26,46,54
27.02.2022 24:00,6,60,39,16,20,16,12,5,21,45,49,13,26,20,11,23,33,22,36,6,5,41,26,8,17,35,18,31,20,23,10,10,9,62,34,69,36,45,46,52,11,60,12,20,4,23,42,27
28.02.2022 01:00,6,62,50,15,22,15,11,4,16,46,48,19,25,16,10,29,34,20,35,6,14,35,21,7,17,28,18,29,19,26,12,25,10,42,29,45,25,30,42,45,12,46,6,22,3,34,42,41
28.02.2022 02:00,6,54,53,17,16,13,14,3,8,41,50,20,22,16,11,29,29,18,32,6,16,33,31,8,18,31,26,30,20,22,10,21,10,30,24,32,18,16,38,31,9,35,10,33,3,39,35,32
28.02.2022 03:00,8,37,54,24,18,16,13,3,11,32,37,20,30,18,10,25,19,12,18,9,11,28,25,11,18,26,17,25,20,22,10,14,9,27,38,31,16,21,37,21,10,31,9,27,4,42,34,31
28.02.2022 04:00,8,41,47,26,22,18,13,2,12,26,35,22,25,18,12,18,19,13,12,15,14,35,26,15,15,24,16,32,19,21,12,19,7,22,43,42,18,37,35,15,12,33,14,25,4,30,36,35
28.02.2022 05:00,8,38,52,28,25,20,15,3,7,30,36,24,44,19,15,24,40,13,18,35,16,36,30,14,15,25,21,29,20,22,13,18,6,30,55,51,21,26,38,25,12,37,15,28,4,36,39,40
28.02.2022 06:00,8,46,44,36,44,23,30,3,5,26,37,22,53,19,15,36,58,24,33,40,22,37,40,17,17,34,22,37,21,25,19,22,6,52,60,62,43,16,43,37,21,40,35,32,6,37,36,39
28.02.2022 07:00,8,44,39,52,57,36,46,2,8,45,40,25,43,16,19,49,67,53,54,46,24,40,50,28,24,47,26,64,33,43,24,23,12,54,60,79,50,19,56,31,33,44,24,45,7,42,37,39
28.02.2022 08:00,7,53,45,57,64,47,50,3,8,49,42,24,41,13,29,44,64,63,51,45,24,46,51,30,32,53,34,75,51,59,40,43,17,59,61,81,46,16,61,41,40,43,37,47,7,37,46,40
28.02.2022 09:00,8,51,56,48,60,41,28,11,9,40,51,16,35,20,24,38,53,49,27,35,30,49,48,36,24,54,35,67,42,48,31,35,20,43,56,74,48,23,58,39,32,42,37,46,7,34,38,67
28.02.2022 10:00,7,55,50,34,44,29,17,8,13,28,51,19,20,20,6,23,31,29,18,27,31,38,44,31,23,47,23,72,36,47,19,14,12,37,44,70,34,22,53,22,19,35,22,45,6,26,31,61
28.02.2022 11:00,6,28,33,22,41,24,12,5,11,24,44,15,16,19,11,16,28,13,10,21,20,24,24,25,19,37,26,49,28,47,18,10,5,25,18,65,19,13,28,20,15,30,14,17,4,21,26,39
28.02.2022 12:00,4,19,18,16,35,17,8,4,14,16,29,9,17,12,9,7,16,10,12,15,11,15,17,20,10,22,16,42,21,40,15,6,4,15,10,60,14,7,11,20,12,17,10,11,6,15,18,13
28.02.2022 13:00,4,17,6,12,38,12,7,7,11,13,24,5,12,10,6,10,17,13,8,7,10,9,15,18,8,16,10,32,14,26,11,8,4,12,11,51,15,5,7,14,10,15,10,8,5,15,11,24
28.02.2022 14:00,6,10,6,13,34,15,7,5,6,13,23,6,11,7,7,11,14,11,7,6,11,9,13,16,7,12,    # ,34,13,27,22,7,3,14,10,55,14,8,9,16,12,19,10,9,6,10,11,31
28.02.2022 15:00,8,22,7,14,39,16,8,4,6,13,24,7,11,7,6,13,12,11,8,6,12,9,17,16,5,11,11,33,11,28,14,7,3,13,10,57,8,6,10,19,14,11,12,10,6,14,11,20
28.02.2022 16:00,10,16,8,15,53,17,8,4,6,13,25,9,14,8,6,15,15,10,9,4,12,10,18,16,4,14,8,34,10,32,10,7,3,15,12,76,9,8,12,18,13,10,15,9,5,15,11,39
28.02.2022 17:00,11,17,10,21,49,19,8,5,7,15,37,9,19,9,8,16,15,13,7,10,10,13,19,19,7,15,7,44,16,33,10,7,4,25,11,57,9,9,17,23,15,16,15,12,5,23,19,36
28.02.2022 18:00,12,19,16,27,55,26,12,5,9,27,37,13,16,10,13,18,18,29,8,12,23,17,19,27,8,25,7,42,17,41,12,10,3,30,14,77,19,12,18,32,16,28,21,15,8,19,20,46
28.02.2022 19:00,12,46,44,40,67,34,19,6,9,59,27,11,12,14,19,26,26,26,12,29,17,18,23,30,11,34,10,66,26,43,36,17,5,36,20,67,44,20,18,33,16,47,19,65,10,19,27,37
28.02.2022 20:00,13,78,72,49,71,38,28,7,11,48,19,7,17,13,34,30,24,23,17,31,32,17,13,28,10,45,15,78,36,50,45,20,7,19,14,37,48,18,15,32,15,27,16,43,5,15,19,56
28.02.2022 21:00,10,64,72,44,59,39,24,9,17,25,21,8,18,9,25,23,21,29,16,24,20,22,9,18,9,41,16,68,40,53,50,13,7,17,11,21,41,9,31,34,12,23,12,12,5,13,12,61
28.02.2022 22:00,8,35,65,30,39,28,18,10,18,14,16,7,24,11,22,12,17,19,12,38,28,17,8,20,18,23,12,25,17,26,33,9,4,17,12,25,48,7,59,32,9,23,11,13,5,15,17,35
28.02.2022 23:00,10,26,25,21,25,17,12,8,22,10,15,13,18,11,21,8,13,16,21,41,20,13,8,19,13,14,12,19,12,20,20,11,4,15,12,26,45,7,41,34,9,16,12,14,5,12,10,14
28.02.2022 24:00,8,27,13,16,14,14,10,8,23,12,20,11,16,10,16,7,11,12,23,39,15,14,9,22,15,15,9,19,12,18,13,11,5,17,12,29,30,7,33,49,9,13,9,11,4,14,16,11
