Zeitpunkt,Andechs/Rothenfeld,Ansbach/Residenzstraße,Augsburg/Bourges-Platz,Augsburg/Karlstraße,Augsburg/Königsplatz,Augsburg/LfU,Bad Hindelang/Oberjoch,Bamberg/Löwenbrücke,Bayreuth/Hohenzollernring,Burghausen/Marktler Straße,Fürth/Theresienstraße,Ingolstadt/Münchener Straße,Ingolstadt/Rechbergstraße,Kelheim/Regensburger Straße,Kulmbach/Konrad-Adenauer-Straße,Landshut/Podewilsstraße,Lindau (Bodensee)/Friedrichshafener Str.,München/Johanneskirchen,München/Landshuter Allee,München/Lothstraße,München/Stachus,Neu-Ulm/Gabelsbergerstraße,Nürnberg/Von-der-Tann-Straße,Oberaudorf/Inntal-Autobahn,Passau/Stelzhamerstraße,Regensburg/Rathaus,Schwabach/Angerstraße,Schweinfurt/Obertor,Sulzbach-Rosenberg/Lohe,Tiefenbach/Altenschneeberg,Trostberg/Schwimmbadstraße,Würzburg/Kopfklinik,Würzburg/Stadtring Süd
01.03.2022 01:00,12,25,18,30,17,10,4,13,16,12,23,17,19,19,13,14,21,15,20,16,17,18,13,17,17,18,37,8,26,10,13,21,14
01.03.2022 02:00,13,25,17,29,16,10,5,15,16,12,27,17,22,18,18,9,22,16,18,15,17,19,15,9,16,20,27,15,22,10,13,20,21
01.03.2022 03:00,12,23,16,26,14,12,6,15,15,12,16,16,20,17,19,12,18,17,17,15,16,19,20,9,16,17,22,14,18,10,11,20,17
01.03.2022 04:00,12,23,16,25,18,12,6,16,14,13,17,14,18,23,15,11,19,19,17,15,17,19,18,9,15,20,18,11,23,10,10,18,22
01.03.2022 05:00,11,21,15,24,17,14,7,17,21,13,16,11,14,19,17,10,19,26,17,14,17,20,22,8,15,18,9,17,25,9,9,17,23
01.03.2022 06:00,11,23,14,26,15,15,6,16,24,15,17,10,13,17,17,11,17,44,17,14,16,20,19,8,18,20,22,16,22,10,9,16,32
01.03.2022 07:00,10,25,13,27,13,10,6,19,24,15,21,11,14,14,22,14,17,33,16,12,16,18,29,10,19,16,28,22,25,8,9,18,56
01.03.2022 08:00,11,29,13,31,12,14,2,27,24,16,22,12,14,16,20,21,22,21,15,12,15,19,33,10,26,23,28,13,29,11,11,17,42
01.03.2022 09:00,11,25,12,28,22,11,2,27,27,15,20,12,15,13,4,22,19,19,16,13,15,19,34,12,22,26,23,27,5,12,12,17,47
01.03.2022 10:00,9,19,12,29,26,13,4,18,34,13,7,11,14,14,10,14,18,19,18,12,16,17,29,11,15,10,21,16,2,10,9,14,17
01.03.2022 11:00,10,16,13,37,20,17,11,13,7,11,16,14,14,12,22,9,19,18,16,11,15,16,27,11,11,5,13,11,10,10,9,13,11
01.03.2022 12:00,9,15,13,32,18,17,7,13,13,11,14,15,15,10,11,10,19,19,16,12,17,15,23,9,10,6,2,15,22,10,9,13,7
01.03.2022 13:00,9,13,13,32,18,17,2,12,14,12,13,16,14,10,9,10,21,17,15,11,16,15,16,7,11,7,2,2,8,11,9,13,4
01.03.2022 14:00,12,12,12,33,19,16,2,11,6,11,19,18,15,9,8,8,22,15,13,11,13,14,21,6,12,7,4,2,11,10,9,13,15
01.03.2022 15:00,11,10,12,33,20,10,5,11,2,12,14,17,13,10,5,9,23,15,14,11,13,14,15,7,15,10,10,5,13,9,6,13,20
01.03.2022 16:00,9,11,10,30,15,8,4,12,2,13,14,16,13,10,11,10,17,15,15,11,15,15,13,18,16,19,13,13,14,9,7,14,21
01.03.2022 17:00,10,11,11,26,11,9,2,11,11,13,21,15,13,10,13,7,17,18,17,14,19,15,29,35,18,15,13,15,19,10,9,14,15
01.03.2022 18:00,9,15,12,28,12,10,2,12,23,15,14,15,14,21,17,8,20,17,21,17,23,15,24,29,25,14,15,28,42,11,12,15,19
01.03.2022 19:00,10,28,17,40,20,10,2,18,24,20,15,22,16,32,22,10,23,16,20,16,23,16,23,28,35,33,27,40,33,14,24,19,34
01.03.2022 20:00,10,45,25,44,23,24,2,33,31,28,34,31,26,35,25,14,37,17,22,16,24,23,35,31,30,49,19,29,37,15,22,30,32
01.03.2022 21:00,10,36,25,42,23,21,6,34,42,17,40,40,32,30,26,20,32,21,23,17,24,29,34,21,33,48,31,14,27,15,19,29,36
01.03.2022 22:00,10,36,24,35,24,23,7,36,49,25,32,40,25,27,23,25,28,28,21,17,22,32,38,21,37,38,50,13,26,15,37,34,36
01.03.2022 23:00,11,28,21,32,20,18,7,38,43,18,35,37,19,30,21,24,27,25,23,17,24,31,41,19,47,26,43,8,27,15,31,31,42
01.03.2022 24:00,10,32,23,34,11,23,5,36,28,18,54,37,19,29,15,20,27,25,24,17,23,30,32,19,33,25,36,22,27,14,28,30,39
02.03.2022 01:00,11,36,34,28,10,25,2,28,28,14,48,26,21,30,24,12,32,23,25,18,22,27,40,18,35,22,16,2,21,15,22,29,39
02.03.2022 02:00,10,33,33,30,11,20,2,31,26,12,29,28,18,24,20,16,31,22,30,18,25,25,35,17,30,24,31,3,25,17,20,30,44
02.03.2022 03:00,9,31,31,30,21,20,2,29,24,16,30,23,17,22,20,20,24,23,30,18,24,27,35,13,28,19,30,9,24,19,20,28,37
02.03.2022 04:00,9,31,28,26,25,19,2,26,25,18,34,15,15,24,22,20,20,21,30,20,25,24,34,14,28,25,13,15,23,20,19,25,43
02.03.2022 05:00,9,30,24,29,18,21,2,26,21,22,24,17,18,23,19,17,19,20,33,20,25,22,28,13,29,23,23,11,23,17,17,23,42
02.03.2022 06:00,8,30,23,28,28,24,2,24,23,21,29,18,20,24,15,19,19,21,27,18,20,23,35,14,27,21,25,17,20,15,24,21,31
02.03.2022 07:00,7,33,27,30,27,23,2,25,27,25,30,22,24,24,20,19,20,21,25,17,17,22,44,17,29,21,24,21,26,15,29,24,29
02.03.2022 08:00,5,39,31,38,32,31,2,27,34,23,45,27,26,28,23,24,25,26,27,15,17,30,44,14,30,25,30,18,23,13,34,23,33
02.03.2022 09:00,5,40,27,41,38,30,2,26,26,27,27,25,27,36,25,31,27,25,41,21,22,30,53,14,27,25,50,19,26,13,28,24,44
02.03.2022 10:00,4,33,29,41,43,26,5,29,27,24,34,25,26,33,20,34,21,23,35,25,29,25,48,11,31,22,25,63,47,12,22,23,33
02.03.2022 11:00,7,33,29,45,34,27,9,31,28,18,33,26,24,24,44,33,17,25,43,29,32,29,41,10,25,31,30,30,26,14,18,35,42
02.03.2022 12:00,21,28,28,44,27,22,6,33,31,17,30,28,27,25,24,22,21,23,43,28,32,32,38,9,28,26,26,28,21,15,12,71,33
02.03.2022 13:00,31,25,22,40,29,19,6,36,24,13,28,30,28,23,16,28,26,24,30,23,28,36,41,9,27,18,14,14,25,14,9,30,38
02.03.2022 14:00,33,28,21,40,27,15,5,35,22,19,24,32,26,22,9,20,31,23,30,22,28,29,34,11,27,20,16,12,19,16,8,31,36
02.03.2022 15:00,42,30,24,45,18,14,7,29,6,    # ,29,30,23,22,12,21,31,28,59,24,31,29,38,26,25,22,18,13,22,16,15,31,29
02.03.2022 16:00,32,27,24,44,24,17,9,25,13,15,16,27,24,18,14,17,38,30,45,32,39,29,27,32,23,26,14,12,21,17,10,27,28
02.03.2022 17:00,22,23,23,38,21,15,2,29,22,16,30,28,26,16,20,21,40,28,125,36,42,29,33,45,20,32,16,21,21,18,12,24,21
02.03.2022 18:00,21,24,23,37,20,18,2,33,38,29,32,29,25,25,23,22,39,28,47,31,37,31,35,31,23,35,16,18,38,19,38,23,36
02.03.2022 19:00,54,39,27,42,24,18,3,39,50,26,28,33,27,36,32,27,47,24,38,27,32,32,35,45,27,40,25,25,44,22,28,31,42
02.03.2022 20:00,34,43,32,45,32,23,6,43,54,50,43,43,37,29,30,38,46,23,39,28,34,29,42,58,25,45,29,30,40,16,32,39,51
02.03.2022 21:00,33,44,39,52,34,28,7,50,49,58,39,48,41,25,21,36,56,33,44,30,35,31,46,66,31,39,44,24,31,13,45,44,46
02.03.2022 22:00,32,48,40,50,37,27,10,47,41,50,37,49,40,30,34,33,42,37,43,30,37,32,66,43,28,43,29,16,41,14,27,49,51
02.03.2022 23:00,27,35,47,56,39,31,8,45,39,40,41,65,36,36,41,36,36,40,41,29,34,37,69,31,28,41,31,13,34,19,27,50,44
02.03.2022 24:00,25,39,46,56,32,35,9,42,37,37,43,71,39,31,40,31,34,40,45,29,33,36,58,26,37,34,34,6,31,16,28,49,42
03.03.2022 01:00,25,39,47,58,28,31,6,40,36,33,33,44,42,34,25,35,36,40,45,33,52,35,47,35,36,30,12,26,30,17,25,48,56
03.03.2022 02:00,25,36,48,59,48,32,3,39,37,28,42,45,32,27,31,32,35,49,54,33,48,35,42,19,29,31,26,18,28,17,24,43,42
03.03.2022 03:00,23,37,46,53,34,32,2,34,35,30,18,50,31,26,33,28,45,56,52,34,41,35,39,15,27,30,33,12,26,18,24,37,47
03.03.2022 04:00,24,35,40,54,41,29,3,26,25,29,47,48,30,23,24,30,28,45,50,36,32,33,33,14,26,33,24,14,24,22,24,35,38
03.03.2022 05:00,23,34,39,53,36,34,6,30,31,31,48,43,28,22,29,28,27,37,45,35,31,33,34,15,26,24,26,15,25,21,24,32,41
03.03.2022 06:00,23,34,40,64,47,33,6,32,26,31,44,32,27,24,23,24,26,35,43,39,28,34,39,13,27,35,27,18,23,17,23,35,40
03.03.2022 07:00,25,36,42,59,60,29,3,33,26,31,28,31,27,26,21,33,28,31,51,44,33,36,43,13,31,33,31,18,25,17,23,34,35
03.03.2022 08:00,23,39,42,57,58,37,4,38,43,34,39,31,28,26,37,35,30,33,50,36,36,36,57,17,33,33,29,26,29,30,23,35,51
03.03.2022 09:00,17,43,46,59,57,45,6,34,34,32,31,34,33,29,15,33,28,34,56,34,37,42,71,18,31,29,20,27,11,20,24,34,67
03.03.2022 10:00,19,55,46,66,61,45,13,33,39,29,31,34,39,36,22,39,28,40,52,34,37,43,70,16,30,22,18,31,14,15,21,30,58
03.03.2022 11:00,26,39,44,63,52,45,10,35,7,30,33,34,41,36,23,39,30,44,54,36,45,51,62,15,31,21,18,13,25,16,21,27,48
03.03.2022 12:00,27,28,30,47,42,40,8,29,28,28,25,37,40,34,24,18,26,36,48,35,44,46,42,17,28,24,28,19,34,19,22,25,25
03.03.2022 13:00,29,21,24,38,31,25,7,24,22,28,25,38,37,30,16,25,33,30,37,27,32,36,33,31,24,24,28,5,24,18,19,25,33
03.03.2022 14:00,34,26,21,34,29,23,5,22,10,26,18,34,27,18,20,24,40,27,33,27,33,33,23,19,20,17,26,2,16,15,17,19,39
03.03.2022 15:00,30,24,23,37,22,19,5,19,3,23,18,26,17,19,15,16,36,32,31,23,29,30,18,23,19,14,34,7,16,15,14,17,26
03.03.2022 16:00,35,18,15,25,20,14,8,23,14,18,19,20,19,17,16,16,42,21,27,21,26,26,12,25,21,18,20,10,19,19,17,17,29
03.03.2022 17:00,35,14,15,22,9,8,12,17,26,21,22,25,26,16,24,20,49,16,25,20,26,24,26,28,24,16,27,14,23,18,22,15,22
03.03.2022 18:00,38,18,18,28,17,7,13,19,47,21,20,18,22,16,28,19,50,18,23,17,21,18,27,88,29,18,27,18,40,14,24,19,29
03.03.2022 19:00,45,52,22,36,25,7,14,29,36,21,21,15,17,28,26,21,58,22,26,22,26,18,33,37,40,33,28,19,41,13,36,25,35
03.03.2022 20:00,20,38,26,36,21,14,19,32,31,27,24,20,22,41,30,30,63,26,29,23,31,18,28,41,38,25,30,20,36,14,42,23,41
03.03.2022 21:00,20,27,26,35,21,20,18,33,36,46,28,25,25,41,30,39,39,27,32,23,31,21,32,37,41,30,28,23,36,17,28,24,32
03.03.2022 22:00,21,37,29,41,24,21,19,33,40,31,29,31,27,41,37,39,27,32,36,25,34,24,31,35,45,26,26,19,38,20,27,27,23
03.03.2022 23:00,21,43,32,37,25,23,15,37,47,33,33,31,26,39,47,35,24,32,41,27,36,24,27,31,44,29,34,28,39,21,27,37,37
03.03.2022 24:00,22,40,30,37,22,22,11,38,40,29,27,29,24,33,39,37,18,36,42,29,38,20,35,29,41,28,38,39,29,21,30,34,41
04.03.2022 01:00,25,38,32,42,23,22,14,36,54,30,37,27,24,30,42,33,17,38,43,30,40,21,36,26,35,35,40,21,32,22,27,34,39
04.03.2022 02:00,26,38,31,45,27,22,22,37,38,30,71,29,25,28,42,25,15,37,41,31,40,21,36,23,31,31,30,30,30,27,36,34,44
04.03.2022 03:00,27,38,29,42,26,23,13,38,32,29,69,35,25,29,31,30,17,34,39,31,38,23,38,24,29,27,29,29,32,31,30,33,38
04.03.2022 04:00,27,37,29,41,31,25,14,42,38,30,45,36,25,31,28,25,16,31,36,30,35,25,39,18,28,27,24,27,35,31,29,34,43
04.03.2022 05:00,26,42,31,46,29,25,21,45,36,30,42,35,26,33,40,25,17,30,35,30,35,26,37,19,27,30,28,32,33,30,31,36,52
04.03.2022 06:00,25,43,34,49,31,25,16,50,33,31,39,37,28,34,44,20,18,30,38,30,36,29,46,20,28,33,26,39,38,25,27,39,49
04.03.2022 07:00,25,45,31,50,40,23,14,50,42,33,47,38,31,37,31,30,22,32,38,31,36,30,53,32,30,38,29,37,34,22,28,45,55
04.03.2022 08:00,24,53,32,53,30,29,19,47,48,40,39,43,34,40,39,30,25,30,40,31,38,32,54,22,35,37,34,29,43,20,32,50,58
04.03.2022 09:00,23,52,34,53,45,27,28,41,33,40,30,44,39,36,26,28,25,31,38,30,38,32,67,28,37,33,37,43,8,20,34,51,62
04.03.2022 10:00,22,47,32,48,37,28,24,38,23,35,28,42,34,33,18,32,24,30,37,29,36,32,56,25,33,23,42,12,21,18,29,48,54
04.03.2022 11:00,22,40,33,49,34,25,24,35,11,24,30,38,31,33,19,30,27,29,36,31,37,32,44,33,21,17,39,26,25,13,30,41,56
04.03.2022 12:00,19,30,31,47,28,28,12,34,32,12,12,41,34,32,19,20,32,28,36,30,35,32,43,32,15,24,31,16,16,13,27,32,42
04.03.2022 13:00,20,22,29,42,28,24,15,31,17,14,13,43,35,25,11,6,34,27,35,29,34,30,26,44,11,13,21,3,22,11,23,24,31
04.03.2022 14:00,19,20,27,40,23,19,16,20,11,13,14,40,34,21,10,7,34,29,31,26,31,27,19,32,8,22,24,2,9,11,12,18,32
04.03.2022 15:00,21,18,27,40,25,19,12,15,12,13,17,37,30,17,15,8,34,20,27,21,28,28,16,18,8,17,14,2,20,5,8,14,22
04.03.2022 16:00,23,15,24,37,25,15,11,11,22,13,10,21,19,15,15,6,27,15,18,17,20,20,25,15,9,14,15,2,18,8,8,12,18
04.03.2022 17:00,23,13,20,31,14,14,11,11,24,13,18,17,16,15,10,6,20,11,13,12,14,20,26,13,8,18,14,3,23,10,9,11,15
04.03.2022 18:00,20,11,13,20,18,11,7,14,30,16,10,17,15,13,20,8,18,11,11,11,12,17,30,18,7,13,14,11,18,9,15,15,26
04.03.2022 19:00,10,12,12,19,15,6,5,14,30,21,17,20,17,10,14,10,20,11,14,13,15,21,25,22,9,19,13,13,17,9,16,14,28
04.03.2022 20:00,10,19,14,20,13,8,8,15,33,25,16,17,15,17,20,12,27,15,13,13,15,22,33,38,12,19,14,18,30,8,19,14,18
04.03.2022 21:00,10,17,15,20,15,10,11,18,30,25,23,13,11,24,19,18,24,15,13,12,15,26,30,27,16,24,17,11,29,9,25,15,19
04.03.2022 22:00,12,16,18,22,12,11,7,21,33,28,20,12,13,23,20,10,22,14,17,15,18,24,30,117,21,20,23,8,33,9,31,16,15
04.03.2022 23:00,13,18,18,20,12,9,9,24,33,24,25,14,15,27,29,13,19,14,20,16,21,20,31,25,16,27,24,13,27,9,27,16,22
04.03.2022 24:00,15,19,19,19,16,11,9,27,36,20,27,17,17,24,19,18,15,15,23,18,23,16,24,16,17,25,28,12,22,11,33,17,18
05.03.2022 01:00,19,21,20,22,15,8,7,26,30,18,31,20,17,25,34,14,17,17,23,19,23,16,22,17,18,17,25,13,24,    # ,23,18,24
05.03.2022 02:00,22,21,17,26,13,11,7,23,32,17,16,17,16,26,30,16,16,20,25,20,27,17,20,19,20,23,32,14,26,    # ,23,19,25
05.03.2022 03:00,20,21,19,29,19,14,9,23,24,17,22,17,16,25,26,16,13,20,26,20,27,18,23,28,20,23,30,17,28,    # ,23,19,27
05.03.2022 04:00,17,22,21,32,18,13,12,23,23,22,31,17,17,24,29,18,13,20,25,21,27,19,19,32,21,21,24,18,24,    # ,23,20,19
05.03.2022 05:00,16,26,20,31,20,19,10,21,18,25,29,17,16,24,21,12,12,20,25,22,27,20,27,12,23,23,22,16,25,    # ,21,20,26
05.03.2022 06:00,17,24,19,31,17,14,13,22,15,27,33,17,17,23,19,17,14,21,26,22,26,21,25,12,24,23,18,14,27,    # ,22,20,23
05.03.2022 07:00,18,26,21,31,18,16,13,20,25,28,15,18,18,24,22,15,14,21,27,22,27,23,28,12,25,23,20,15,17,    # ,23,20,25
05.03.2022 08:00,19,29,23,34,19,18,12,20,28,26,22,17,19,25,24,7,16,23,30,22,29,24,33,13,27,21,21,21,15,    # ,24,20,26
05.03.2022 09:00,20,29,27,37,26,20,17,21,10,25,21,16,16,23,26,14,19,28,31,23,29,26,32,12,27,22,14,21,16,    # ,25,19,22
05.03.2022 10:00,18,27,28,44,31,22,22,20,8,24,14,13,15,20,18,16,17,33,31,24,30,26,27,11,26,17,29,11,4,    # ,26,17,29
05.03.2022 11:00,15,20,24,36,27,21,15,20,9,20,9,12,11,16,7,17,19,27,26,22,25,23,24,13,20,17,33,12,2,    # ,23,15,30
05.03.2022 12:00,13,13,16,23,18,17,19,18,21,18,21,11,9,15,2,13,21,21,18,16,19,19,14,17,17,12,18,10,10,    # ,16,14,20
05.03.2022 13:00,14,11,11,18,17,13,14,14,15,18,4,11,10,11,4,10,24,16,17,14,16,15,17,19,14,8,16,6,16,    # ,15,12,22
05.03.2022 14:00,14,9,12,19,11,8,11,9,7,15,4,11,10,14,9,7,27,15,14,13,16,16,19,18,11,16,18,5,9,    # ,14,9,22
05.03.2022 15:00,13,10,11,19,14,10,13,6,6,11,12,14,11,14,8,10,26,15,13,11,14,14,19,18,9,15,16,8,8,    # ,14,8,5
05.03.2022 16:00,12,11,12,19,10,9,11,7,9,13,12,17,14,15,6,14,20,17,15,12,17,12,19,16,11,15,16,9,6,    # ,11,7,10
05.03.2022 17:00,14,13,15,23,13,7,10,7,8,15,11,17,15,15,7,12,16,16,15,13,17,13,18,24,13,15,14,10,12,    # ,13,7,13
05.03.2022 18:00,15,12,17,27,14,9,9,8,11,14,8,18,17,15,6,9,15,13,13,12,15,14,18,24,16,17,13,8,18,    # ,15,8,13
05.03.2022 19:00,16,11,18,30,17,10,7,9,12,16,10,19,18,18,7,10,18,14,15,15,17,16,20,26,19,23,14,8,19,    # ,19,8,14
05.03.2022 20:00,14,11,18,29,20,11,9,12,12,17,14,21,17,21,10,12,16,14,16,15,17,18,24,44,22,21,9,8,17,    # ,18,8,11
05.03.2022 21:00,13,13,18,30,17,14,7,13,15,20,16,19,18,21,11,11,29,15,16,15,17,21,22,30,22,20,13,10,22,    # ,19,8,11
05.03.2022 22:00,13,14,19,29,20,9,13,12,10,19,14,19,18,20,9,14,37,14,17,16,17,21,12,19,22,16,18,10,18,    # ,19,8,11
05.03.2022 23:00,14,14,20,29,18,12,9,12,17,19,19,18,20,20,13,15,27,14,17,16,18,22,19,24,22,17,21,6,19,    # ,19,8,12
05.03.2022 24:00,16,15,19,26,20,14,13,11,31,18,14,19,20,19,11,23,22,16,18,16,19,18,23,31,23,17,14,9,17,    # ,18,9,13
06.03.2022 01:00,17,14,19,29,21,12,10,12,14,17,16,18,22,19,18,22,22,17,19,17,22,18,25,25,21,18,12,11,8,    # ,18,9,14
06.03.2022 02:00,16,13,20,32,22,12,10,13,19,17,11,17,20,18,12,12,29,18,18,15,26,18,19,20,19,17,14,6,11,    # ,18,9,20
06.03.2022 03:00,16,13,25,34,17,11,13,13,16,18,23,15,19,19,9,14,27,18,19,15,28,17,18,23,19,23,16,4,19,    # ,17,9,14
06.03.2022 04:00,17,14,25,38,22,14,13,15,14,18,6,16,19,19,10,26,24,18,20,16,29,17,20,20,18,23,13,10,14,    # ,18,9,17
06.03.2022 05:00,17,14,23,33,22,19,19,15,15,17,14,16,19,20,14,21,23,19,20,18,28,18,14,14,18,23,16,13,11,    # ,18,9,15
06.03.2022 06:00,18,13,21,30,20,17,11,14,17,15,16,17,19,19,14,20,25,19,21,18,27,17,15,13,18,19,15,12,15,    # ,19,8,13
06.03.2022 07:00,19,14,21,29,18,16,14,14,17,14,12,16,19,19,15,21,22,19,21,19,26,17,17,14,19,19,15,4,19,    # ,19,8,14
06.03.2022 08:00,21,15,20,27,18,17,14,14,16,16,18,15,19,19,16,23,22,19,20,19,23,18,17,15,20,20,13,7,17,    # ,17,9,16
06.03.2022 09:00,22,14,19,26,20,19,21,16,13,14,10,15,19,19,12,8,23,17,19,16,21,18,20,16,22,18,14,12,4,    # ,16,9,17
06.03.2022 10:00,21,14,17,23,23,17,22,17,9,15,2,14,17,18,10,12,23,16,17,15,19,17,15,14,19,18,16,5,2,    # ,16,10,11
06.03.2022 11:00,19,14,14,20,16,17,18,15,17,17,10,14,15,15,12,16,23,13,14,13,16,16,17,19,12,11,18,7,5,    # ,16,10,12
06.03.2022 12:00,16,13,13,19,18,11,18,10,13,17,17,15,15,15,8,11,24,14,13,12,15,14,9,20,10,17,19,7,12,    # ,16,11,16
06.03.2022 13:00,12,11,12,17,13,13,18,12,14,17,10,18,17,15,15,8,26,15,14,13,16,13,17,26,12,13,15,9,10,    # ,17,10,20
06.03.2022 14:00,13,12,14,19,14,12,8,16,18,15,10,20,17,13,17,8,27,15,13,14,15,14,14,19,17,10,17,10,12,    # ,18,10,18
06.03.2022 15:00,14,13,14,19,16,12,13,17,17,12,15,19,16,11,15,10,25,14,13,13,14,14,14,21,16,12,16,15,11,    # ,16,12,15
06.03.2022 16:00,15,12,16,21,16,10,17,14,21,13,21,15,12,11,15,15,24,13,13,14,16,14,21,22,14,17,13,21,14,    # ,14,13,20
06.03.2022 17:00,16,12,16,24,14,14,18,13,17,14,22,13,12,11,12,14,22,13,13,15,16,15,19,20,14,16,16,11,16,    # ,12,16,25
06.03.2022 18:00,17,14,15,21,15,12,11,12,16,16,3,12,12,12,10,13,19,15,15,17,18,14,24,36,15,14,16,15,17,    # ,13,16,24
06.03.2022 19:00,21,17,13,20,20,12,14,12,20,18,19,11,13,13,19,18,17,15,17,18,19,13,18,34,16,21,17,14,16,    # ,17,16,25
06.03.2022 20:00,19,16,13,19,28,12,14,16,14,18,11,13,14,13,10,16,17,13,14,15,16,12,17,32,16,19,18,12,13,    # ,16,15,27
06.03.2022 21:00,16,13,13,17,16,11,11,16,22,15,15,14,14,14,11,16,21,12,15,15,15,12,19,23,17,19,13,8,14,    # ,15,14,20
06.03.2022 22:00,14,11,13,17,17,12,9,14,12,14,13,13,14,13,11,19,18,13,16,16,16,11,18,18,18,18,13,14,13,    # ,13,14,17
06.03.2022 23:00,14,12,14,18,17,13,13,9,15,14,14,12,13,13,9,16,17,13,16,15,16,12,17,19,18,15,12,13,15,    # ,17,13,17
06.03.2022 24:00,15,13,14,18,12,12,10,8,13,15,18,12,13,13,7,18,17,13,17,16,18,12,22,30,16,12,13,8,13,    # ,14,9,17
07.03.2022 01:00,16,14,15,19,14,10,12,8,23,16,10,12,14,11,15,19,16,13,17,16,17,12,14,23,16,12,14,10,14,    # ,15,7,8
07.03.2022 02:00,16,11,17,21,13,12,12,11,22,15,9,13,14,9,12,22,16,14,16,15,16,13,12,18,17,11,17,7,7,    # ,17,10,13
07.03.2022 03:00,16,10,17,22,17,12,12,12,13,16,14,11,13,9,15,12,16,18,18,17,18,12,12,14,17,10,10,10,10,    # ,18,13,11
07.03.2022 04:00,15,9,16,20,18,15,14,11,20,17,9,10,11,10,10,10,15,17,19,17,19,12,7,14,19,10,9,11,14,    # ,18,14,13
07.03.2022 05:00,17,12,15,19,15,15,17,12,14,22,14,8,9,10,5,9,15,13,15,13,16,13,13,15,22,13,9,13,16,    # ,19,13,15
07.03.2022 06:00,19,13,14,19,12,10,12,12,12,17,12,8,10,13,16,15,16,13,15,13,13,16,19,15,23,12,11,15,13,    # ,18,13,16
07.03.2022 07:00,18,12,13,19,16,9,17,12,11,18,18,11,11,16,17,21,18,14,16,13,15,18,20,17,23,21,12,5,16,    # ,18,14,16
07.03.2022 08:00,17,13,15,25,14,13,18,14,17,20,16,15,15,19,9,22,20,16,18,13,19,19,29,22,24,27,11,5,28,    # ,21,13,16
07.03.2022 09:00,17,15,17,27,19,14,22,14,18,23,16,17,16,24,8,22,22,17,22,16,22,14,36,20,20,23,19,12,16,    # ,21,10,10
07.03.2022 10:00,17,17,20,31,19,13,25,13,24,25,7,20,19,21,16,17,21,20,25,19,25,12,24,21,18,21,19,11,17,    # ,24,10,12
07.03.2022 11:00,18,19,23,42,25,15,21,    # ,2,24,21,21,19,19,9,20,22,21,27,22,29,14,29,22,15,18,22,7,21,    # ,24,10,12
07.03.2022 12:00,20,20,26,42,26,19,12,    # ,3,23,17,19,18,21,8,22,24,23,29,24,33,18,30,23,16,22,25,8,4,    # ,26,12,20
07.03.2022 13:00,23,22,27,44,25,20,22,    # ,11,21,22,22,21,21,4,26,25,24,30,27,32,21,27,25,15,7,25,4,4,    # ,26,13,13
07.03.2022 14:00,24,21,26,41,26,21,19,    # ,6,18,19,26,23,16,6,15,24,24,30,27,32,21,22,33,12,11,20,2,10,    # ,25,13,3
07.03.2022 15:00,25,16,25,40,23,16,18,8,2,19,12,28,22,13,9,19,23,24,29,26,32,23,17,32,12,12,18,4,6,    # ,21,13,15
07.03.2022 16:00,24,12,24,37,25,18,17,8,3,20,11,25,21,12,12,20,23,24,28,24,33,23,19,25,13,21,13,9,10,    # ,23,12,18
07.03.2022 17:00,25,11,25,36,22,19,17,9,16,21,16,20,18,14,13,14,24,24,28,24,32,25,30,36,14,17,18,9,11,    # ,21,10,11
07.03.2022 18:00,25,12,26,37,28,17,13,10,32,24,14,17,16,15,16,11,26,23,28,24,32,28,28,27,13,16,18,14,16,    # ,22,11,18
07.03.2022 19:00,25,17,27,39,27,17,13,10,20,25,13,17,18,19,14,12,27,23,27,24,31,29,30,35,15,20,14,18,25,    # ,26,17,28
07.03.2022 20:00,24,22,30,41,30,23,15,13,16,24,21,22,21,32,14,16,28,27,28,25,32,30,24,40,23,22,30,18,25,    # ,25,21,31
07.03.2022 21:00,23,27,34,41,27,24,21,11,17,28,35,26,22,28,23,16,26,26,26,25,29,30,34,30,28,25,32,20,23,    # ,30,31,40
07.03.2022 22:00,22,28,32,38,27,24,12,11,23,34,41,23,25,27,19,22,25,26,25,23,26,33,26,45,28,29,29,5,28,    # ,27,27,33
07.03.2022 23:00,21,31,27,32,24,24,21,13,26,43,33,31,32,22,22,24,25,25,26,22,28,30,33,40,25,24,23,9,27,    # ,28,22,44
07.03.2022 24:00,21,25,25,29,20,19,17,13,33,26,40,32,32,26,15,24,25,24,27,24,29,27,39,40,27,31,32,11,22,    # ,27,17,32
08.03.2022 01:00,21,27,24,30,27,22,20,12,17,26,38,26,23,24,27,27,26,24,27,23,26,24,42,23,27,30,30,6,23,    # ,26,17,38
08.03.2022 02:00,23,28,23,29,28,20,18,13,20,24,31,27,18,16,22,27,28,22,25,22,25,23,36,21,26,15,38,2,14,    # ,26,15,33
08.03.2022 03:00,23,26,21,26,17,18,20,13,16,23,40,24,17,17,20,18,27,21,23,22,22,22,41,22,24,21,26,2,7,    # ,23,18,20
08.03.2022 04:00,22,27,20,24,21,20,22,13,22,22,47,23,18,17,19,24,27,21,22,21,22,20,43,21,23,20,27,6,22,    # ,25,16,20
08.03.2022 05:00,19,28,19,23,18,18,19,11,18,21,43,21,21,17,20,15,29,20,20,19,24,19,30,22,25,24,24,10,23,    # ,23,19,31
08.03.2022 06:00,15,31,20,25,20,17,16,5,25,22,30,20,19,18,21,21,29,20,23,21,26,18,45,21,29,20,23,12,22,    # ,23,18,27
08.03.2022 07:00,14,34,21,27,21,18,13,7,23,34,31,18,19,20,24,25,29,21,23,20,22,19,49,23,29,29,25,11,27,    # ,24,19,34
08.03.2022 08:00,17,39,21,28,27,18,15,10,31,25,38,20,19,22,28,26,32,23,21,20,20,20,50,25,31,30,36,14,25,    # ,26,24,43
08.03.2022 09:00,17,41,19,25,33,22,17,13,24,19,22,22,22,24,23,19,33,20,21,19,21,19,59,26,31,23,36,16,11,    # ,19,21,35
08.03.2022 10:00,15,30,17,21,29,21,16,17,25,16,10,20,18,24,22,25,30,15,21,18,18,18,61,24,29,18,59,22,16,    # ,16,19,38
08.03.2022 11:00,12,19,13,19,24,19,13,18,5,16,26,19,16,16,12,20,32,11,13,13,15,14,42,25,21,8,41,10,16,    # ,14,16,24
08.03.2022 12:00,11,14,11,16,18,13,15,11,6,11,15,16,15,12,14,6,34,10,10,11,12,14,18,23,13,18,21,8,21,    # ,11,13,8
08.03.2022 13:00,10,12,9,14,16,11,12,9,13,9,10,15,13,10,12,8,35,11,10,10,11,12,14,14,10,5,17,6,2,    # ,10,12,12
08.03.2022 14:00,11,9,9,15,12,11,21,8,3,9,10,19,14,10,10,5,36,12,12,13,13,12,14,16,10,3,13,2,2,    # ,11,11,12
08.03.2022 15:00,11,10,9,15,17,8,12,8,2,10,12,21,14,11,9,3,36,13,14,13,15,11,9,16,10,8,11,2,6,    # ,9,11,13
08.03.2022 16:00,12,10,9,16,13,7,15,8,2,11,15,19,14,12,10,7,37,14,13,12,14,11,10,11,11,14,17,5,10,    # ,8,10,12
08.03.2022 17:00,11,11,11,18,11,8,15,8,6,10,18,18,14,14,8,8,36,12,13,13,15,13,23,11,25,18,15,9,12,    # ,8,10,11
08.03.2022 18:00,12,12,13,21,10,7,11,8,15,13,18,22,16,24,16,10,37,11,13,15,16,17,26,29,22,24,16,19,16,    # ,10,11,14
08.03.2022 19:00,12,22,15,19,13,7,13,12,18,14,8,24,18,29,23,14,36,13,16,16,18,11,29,22,30,40,20,17,43,    # ,14,17,26
08.03.2022 20:00,13,51,19,21,15,9,12,15,34,15,18,33,28,36,27,25,50,14,18,17,20,17,31,35,29,53,33,30,37,    # ,22,22,31
08.03.2022 21:00,12,41,22,24,15,10,12,21,35,27,46,43,33,31,27,29,49,16,19,17,19,20,31,38,36,42,40,26,26,    # ,26,29,34
08.03.2022 22:00,11,41,22,24,19,14,13,30,38,22,36,44,33,28,22,24,45,16,17,17,17,18,31,33,30,38,39,13,20,    # ,18,40,43
08.03.2022 23:00,11,33,21,25,17,20,9,30,29,21,37,41,33,28,31,36,45,19,17,14,16,16,40,21,33,26,32,3,24,    # ,17,42,41
08.03.2022 24:00,11,33,19,23,20,19,13,32,28,16,34,32,33,29,27,28,32,16,17,14,18,16,38,18,32,30,35,16,25,    # ,14,41,35
09.03.2022 01:00,10,32,20,22,16,13,11,35,16,21,33,26,25,25,32,25,31,16,17,12,19,17,54,15,27,31,34,8,20,    # ,13,38,39
09.03.2022 02:00,9,30,20,22,18,14,11,34,17,24,31,22,19,17,22,24,28,15,17,12,20,17,33,13,27,25,22,10,15,    # ,14,36,37
09.03.2022 03:00,9,27,17,22,18,15,5,33,29,18,39,22,18,19,25,25,26,18,19,12,19,17,33,12,25,20,24,15,24,    # ,17,34,43
09.03.2022 04:00,9,32,17,23,19,16,2,28,34,22,36,22,18,17,22,25,27,19,21,14,18,17,30,13,26,23,31,25,21,    # ,15,33,48
09.03.2022 05:00,10,33,22,26,17,22,2,29,27,47,42,21,18,19,22,15,23,19,23,15,25,22,33,12,24,27,36,40,29,    # ,16,29,35
09.03.2022 06:00,11,29,21,32,24,19,2,30,23,22,28,20,16,18,19,17,24,20,24,16,20,21,43,12,25,28,23,2,23,    # ,15,30,39
09.03.2022 07:00,11,34,23,31,26,20,5,29,37,17,35,23,19,22,29,22,26,21,27,16,20,22,41,15,25,31,22,4,27,    # ,22,32,30
09.03.2022 08:00,11,46,29,34,34,29,6,31,36,23,32,25,22,30,32,24,31,27,28,18,23,26,55,17,28,31,23,6,25,    # ,32,33,37
09.03.2022 09:00,10,49,26,35,40,31,7,34,30,18,29,23,25,20,19,29,31,25,30,19,23,31,133,18,25,32,38,20,2,    # ,25,36,63
09.03.2022 10:00,9,31,25,37,37,25,13,33,26,14,32,19,20,22,20,41,19,25,31,21,28,29,78,18,23,16,47,11,3,    # ,17,29,47
09.03.2022 11:00,13,25,25,38,34,24,11,31,5,17,40,21,19,21,20,34,22,23,32,22,25,27,41,14,22,15,31,18,10,    # ,17,24,31
09.03.2022 12:00,17,21,25,35,18,19,10,24,7,16,25,28,22,20,22,18,27,20,26,18,23,35,32,15,18,21,26,6,22,    # ,18,24,18
09.03.2022 13:00,23,17,24,34,22,20,13,21,19,17,14,31,25,19,19,14,28,20,19,17,18,44,14,15,13,15,21,8,12,    # ,11,19,14
09.03.2022 14:00,28,15,20,33,23,16,12,22,4,14,16,32,22,19,17,15,31,18,20,19,19,43,15,38,14,15,21,2,14,    # ,10,18,26
09.03.2022 15:00,28,14,19,30,23,12,12,24,2,12,17,22,17,16,11,13,38,15,18,15,17,44,17,25,16,20,17,5,10,5,6,17,19
09.03.2022 16:00,23,13,19,28,18,12,    # ,24,2,9,18,18,20,15,14,17,41,13,15,15,17,44,20,16,14,22,18,13,14,5,6,16,17
09.03.2022 17:00,16,12,16,21,12,10,12,23,2,13,18,21,24,12,18,18,45,13,14,15,17,41,26,10,13,14,19,14,14,4,8,15,13
09.03.2022 18:00,13,13,11,15,15,8,10,27,3,18,23,22,24,21,20,15,41,13,16,18,19,41,39,18,17,26,15,18,21,3,16,18,22
09.03.2022 19:00,10,32,13,19,12,5,9,32,52,17,24,24,27,26,26,16,56,11,14,13,20,36,38,30,25,64,23,4,34,4,24,27,35
09.03.2022 20:00,8,45,21,23,16,7,14,38,38,21,35,34,30,30,31,31,53,11,16,12,18,30,73,27,22,60,38,33,32,5,18,31,47
09.03.2022 21:00,8,77,19,28,22,13,14,45,46,40,41,41,36,24,31,29,66,17,21,16,21,38,66,49,20,42,38,24,25,5,23,37,42
09.03.2022 22:00,7,32,26,30,32,18,14,50,42,25,33,44,36,21,28,29,51,23,26,17,29,46,67,20,22,37,41,18,18,5,28,37,39
09.03.2022 23:00,8,41,48,42,34,21,16,30,32,27,44,43,33,17,29,33,49,25,30,17,32,45,55,16,24,30,29,12,26,6,18,43,44
09.03.2022 24:00,8,34,54,44,37,26,13,30,36,18,36,55,36,21,32,31,40,28,26,20,26,42,52,15,30,26,28,28,24,6,29,42,46
10.03.2022 01:00,8,31,44,64,46,32,13,31,34,17,39,49,41,17,18,23,35,31,25,19,28,36,38,13,24,25,22,27,23,10,22,43,37
10.03.2022 02:00,7,36,36,100,32,16,11,32,30,16,47,61,34,14,24,17,34,30,29,20,29,33,44,12,23,24,22,26,23,11,20,38,45
10.03.2022 03:00,8,35,31,77,24,21,10,39,26,15,33,39,32,12,22,31,28,27,30,21,20,31,42,11,23,21,17,13,24,11,18,35,41
10.03.2022 04:00,8,36,27,60,26,26,10,42,21,16,31,43,30,13,22,24,26,22,27,21,16,27,36,12,20,24,22,9,19,13,18,34,45
10.03.2022 05:00,9,40,29,66,32,24,7,36,29,18,36,28,25,18,23,22,25,18,32,25,19,27,32,12,19,22,24,4,24,12,16,33,36
10.03.2022 06:00,9,48,30,64,32,21,8,36,31,19,35,27,22,16,23,21,25,16,50,29,19,26,35,13,24,24,25,18,18,13,16,35,38
10.03.2022 07:00,10,50,35,64,37,21,5,34,32,24,31,26,21,19,31,19,30,15,35,31,21,27,42,15,25,32,26,18,21,14,22,38,40
10.03.2022 08:00,8,61,40,51,39,31,6,33,38,24,36,26,19,21,34,17,31,19,33,21,22,25,53,18,27,28,30,20,29,14,27,41,55
10.03.2022 09:00,7,62,33,51,48,27,5,33,27,20,26,19,18,26,19,22,30,20,32,23,25,29,56,18,28,23,43,21,4,13,24,41,66
10.03.2022 10:00,7,40,25,48,41,23,10,38,25,18,37,19,18,28,30,32,20,17,25,20,22,21,    # ,15,27,17,50,18,7,13,13,32,50
10.03.2022 11:00,6,29,21,42,26,19,10,36,4,19,39,22,19,21,22,22,20,13,21,18,19,19,    # ,15,25,13,28,13,19,12,12,26,47
10.03.2022 12:00,6,24,18,32,23,12,3,30,6,25,35,27,22,22,21,18,28,14,19,16,19,20,    # ,13,14,26,25,10,37,10,15,22,25
10.03.2022 13:00,8,23,13,27,16,13,2,28,18,25,20,29,23,22,16,15,35,12,18,15,18,16,23,17,11,22,18,9,16,10,16,19,19
10.03.2022 14:00,9,24,12,25,19,11,2,22,3,22,16,33,24,18,20,8,29,18,18,18,16,12,25,16,10,19,22,3,12,12,16,15,24
10.03.2022 15:00,12,20,10,19,16,8,4,17,2,18,9,30,24,12,18,9,25,17,21,19,20,11,16,31,9,20,20,5,12,8,22,14,19
10.03.2022 16:00,12,17,12,21,16,7,2,16,2,15,15,18,17,14,14,8,29,17,20,18,24,13,16,21,14,29,17,10,13,10,20,15,14
10.03.2022 17:00,14,13,15,23,13,8,3,16,2,13,16,10,12,21,11,7,28,14,16,16,21,13,24,18,15,22,16,15,21,12,16,15,11
10.03.2022 18:00,19,15,13,21,13,9,2,16,6,15,15,12,16,24,20,9,28,13,16,16,23,13,29,36,25,28,19,18,24,13,11,14,19
10.03.2022 19:00,22,14,14,20,14,7,2,19,25,24,13,16,21,37,17,8,33,17,19,18,23,16,27,57,32,30,12,11,25,16,12,17,28
10.03.2022 20:00,17,17,15,24,13,7,2,20,24,29,19,18,22,38,19,11,27,15,16,16,19,20,33,37,46,31,15,13,32,21,16,20,23
10.03.2022 21:00,11,23,14,21,13,8,6,24,29,39,26,17,21,34,20,13,22,16,17,16,19,17,24,23,43,33,14,13,28,23,27,15,15
10.03.2022 22:00,12,28,18,25,14,8,6,28,27,32,17,19,21,29,24,23,15,23,26,23,27,14,27,22,39,38,18,18,27,23,31,20,16
10.03.2022 23:00,20,31,27,37,18,13,7,32,29,18,22,26,27,36,25,25,15,33,34,29,36,13,23,21,31,29,17,21,30,20,24,24,20
10.03.2022 24:00,28,30,36,48,25,20,5,33,27,11,24,32,33,41,27,15,19,32,37,30,38,14,32,19,20,34,20,22,31,14,13,23,20
11.03.2022 01:00,31,28,31,43,26,24,3,32,22,8,18,24,26,37,30,13,23,25,33,27,33,21,33,17,12,37,22,17,29,11,8,28,18
11.03.2022 02:00,29,30,21,28,20,21,2,28,#,8,29,15,16,23,19,9,20,14,22,20,22,30,28,15,10,24,25,33,21,10,8,35,25
11.03.2022 03:00,24,27,14,18,12,12,2,20,#,9,27,14,14,16,20,11,18,11,14,12,13,31,31,13,10,20,22,33,25,9,10,34,28
11.03.2022 04:00,18,21,10,14,15,12,2,16,#,11,32,13,13,13,21,13,17,12,13,10,11,29,31,11,11,22,16,18,18,9,11,33,39
11.03.2022 05:00,15,15,9,15,15,12,2,14,#,12,23,12,12,12,21,15,20,12,14,11,13,24,23,12,12,15,17,16,19,9,11,31,32
11.03.2022 06:00,12,14,11,19,16,12,2,13,#,14,25,11,11,12,17,13,20,15,16,13,14,16,27,10,14,24,12,9,18,9,13,28,27
11.03.2022 07:00,11,14,13,22,14,13,2,13,#,17,19,12,11,13,22,16,20,14,18,13,16,12,28,10,18,22,23,11,18,9,13,22,26
11.03.2022 08:00,11,15,14,27,21,15,3,15,#,17,26,13,12,18,27,17,35,15,21,14,18,13,29,12,24,22,19,13,14,9,15,18,23
11.03.2022 09:00,10,15,15,28,22,14,5,14,#,16,12,14,14,15,25,15,21,15,21,16,20,13,29,11,15,21,19,10,2,10,15,14,20
11.03.2022 10:00,11,16,17,30,30,19,9,13,    # ,16,4,16,16,14,18,18,19,16,21,17,20,14,27,9,11,15,24,10,2,11,17,14,13
11.03.2022 11:00,12,17,18,31,24,17,11,14,    # ,17,15,20,16,14,10,18,20,18,19,17,21,15,25,17,12,4,31,12,18,12,18,14,12
11.03.2022 12:00,12,16,18,31,22,    # ,7,13,    # ,17,15,23,18,12,6,16,23,19,20,18,23,18,24,29,12,13,20,12,18,11,18,14,12
11.03.2022 13:00,15,16,20,32,23,13,11,12,    # ,20,22,27,20,12,13,18,25,21,23,21,27,18,20,35,11,16,20,9,9,11,19,14,14
11.03.2022 14:00,18,14,20,33,26,18,9,13,    # ,21,12,30,19,11,20,22,29,19,24,23,28,19,19,28,10,15,17,3,11,11,18,12,24
11.03.2022 15:00,20,12,21,34,28,18,5,14,    # ,23,14,29,16,13,16,18,37,16,25,23,28,20,15,44,11,18,22,8,16,11,19,11,17
11.03.2022 16:00,23,11,24,33,20,19,7,16,    # ,22,17,27,17,14,16,14,35,17,24,25,28,22,17,31,11,22,19,14,18,11,20,11,11
11.03.2022 17:00,24,10,24,29,21,22,8,16,    # ,19,19,26,17,10,21,17,38,18,24,27,30,35,27,30,13,18,23,14,20,10,20,11,14
11.03.2022 18:00,25,11,24,28,24,16,7,17,    # ,18,26,23,17,9,19,16,32,20,25,30,30,27,33,35,15,19,22,19,21,10,18,12,23
11.03.2022 19:00,25,19,26,30,25,17,5,17,    # ,18,25,22,15,11,19,17,39,18,25,29,29,27,27,39,14,17,22,20,23,9,19,17,27
11.03.2022 20:00,24,23,25,28,27,19,9,15,    # ,17,20,21,15,11,15,15,44,16,23,22,25,31,31,42,14,17,19,20,23,7,16,18,29
11.03.2022 21:00,22,23,20,22,20,17,10,14,    # ,15,23,19,15,12,16,15,24,15,20,18,23,31,24,50,13,21,16,14,21,7,15,17,27
11.03.2022 22:00,20,29,19,22,21,15,12,12,    # ,15,17,15,15,12,21,7,20,15,20,17,21,27,18,41,12,16,16,11,33,7,15,14,20
11.03.2022 23:00,19,29,19,21,21,17,9,11,    # ,15,16,14,14,12,18,11,19,15,20,14,19,23,18,41,11,14,13,10,29,8,19,14,20
11.03.2022 24:00,19,26,17,20,18,16,10,12,    # ,12,18,12,12,12,21,12,17,13,20,13,20,20,18,30,11,14,11,10,22,9,13,13,21
12.03.2022 01:00,19,20,15,19,13,10,8,11,24,13,13,12,11,14,15,12,27,13,18,12,18,20,18,27,10,12,11,9,19,10,15,12,25
12.03.2022 02:00,18,16,14,17,20,14,7,10,14,14,12,12,10,15,17,13,31,12,17,14,17,19,11,25,8,16,16,7,14,9,14,11,22
12.03.2022 03:00,17,17,13,17,17,14,8,11,3,13,16,12,11,15,15,9,31,12,17,14,16,18,11,22,8,18,12,8,12,9,14,11,16
12.03.2022 04:00,16,16,13,18,13,12,8,12,15,14,14,12,10,16,14,11,33,14,17,16,17,16,12,22,8,15,9,10,13,8,14,10,21
12.03.2022 05:00,16,20,13,19,17,13,8,13,25,16,15,12,10,14,15,8,51,13,18,16,20,16,13,20,9,14,11,8,16,8,15,10,16
12.03.2022 06:00,17,21,13,19,18,13,10,11,13,14,10,13,10,14,14,14,30,13,19,17,20,15,13,18,9,16,8,7,18,8,15,10,15
12.03.2022 07:00,19,20,14,21,15,13,7,13,9,15,19,14,10,15,13,9,32,12,19,17,20,16,17,17,10,19,9,10,13,8,17,10,14
12.03.2022 08:00,21,27,15,25,18,13,8,14,15,16,12,11,10,15,11,11,35,13,21,19,22,16,16,24,12,9,15,10,5,8,18,12,14
12.03.2022 09:00,19,19,16,24,14,14,13,16,27,13,8,10,10,14,2,11,34,14,25,23,23,16,16,23,14,10,9,9,2,9,14,12,10
12.03.2022 10:00,20,14,19,28,28,18,14,12,16,11,3,11,11,12,3,10,29,16,29,27,27,16,16,19,11,7,14,8,2,10,15,12,11
12.03.2022 11:00,22,14,22,33,22,19,12,12,7,12,3,15,13,11,9,8,30,21,30,29,31,17,19,23,10,2,18,8,3,10,16,11,4
12.03.2022 12:00,25,16,24,37,28,21,16,13,5,12,8,20,15,11,2,12,31,27,28,30,30,21,21,30,10,4,17,12,5,10,16,13,5
12.03.2022 13:00,32,18,25,38,27,24,13,15,15,12,9,25,20,14,2,13,32,32,31,33,32,25,19,35,11,10,18,7,5,11,16,16,16
12.03.2022 14:00,33,19,27,39,27,21,14,15,19,12,13,35,21,17,9,15,31,34,35,39,34,25,18,54,13,10,19,2,7,11,19,17,25
12.03.2022 15:00,36,21,29,39,29,22,11,17,10,12,15,37,22,18,13,17,29,33,36,40,36,24,15,35,15,15,21,11,8,12,16,17,21
12.03.2022 16:00,35,23,32,40,29,20,7,17,18,14,16,42,25,21,10,13,29,26,32,36,33,24,17,25,15,19,22,18,12,14,12,19,17
12.03.2022 17:00,32,24,35,41,24,20,12,18,26,17,24,42,26,22,12,12,31,24,25,29,29,28,25,22,16,18,25,9,18,14,10,20,19
12.03.2022 18:00,29,26,39,43,26,21,11,19,50,22,22,36,27,16,19,9,37,18,25,28,28,30,23,28,15,16,27,16,15,13,11,23,26
12.03.2022 19:00,25,34,37,41,24,17,16,22,26,24,23,32,27,32,22,12,20,15,16,17,17,31,27,53,20,24,32,27,36,14,16,27,31
12.03.2022 20:00,19,38,34,40,31,17,16,27,39,17,32,22,23,28,33,15,13,14,16,16,18,33,33,38,37,40,39,30,34,14,20,36,37
12.03.2022 21:00,16,55,26,37,30,22,17,31,74,16,33,13,16,34,26,18,16,14,19,15,20,35,32,27,26,37,49,32,21,14,18,43,49
12.03.2022 22:00,14,47,25,30,31,25,12,42,33,15,29,9,14,54,33,14,13,16,18,15,20,34,33,20,21,35,39,39,24,15,21,43,51
12.03.2022 23:00,13,50,21,28,20,18,9,52,16,16,31,7,13,50,28,15,11,18,19,16,23,29,29,13,19,44,36,31,30,14,22,37,65
12.03.2022 24:00,13,51,18,21,14,18,3,43,42,18,40,7,12,25,33,11,12,20,19,16,22,27,24,9,14,41,39,28,23,14,35,37,56
13.03.2022 01:00,15,42,17,21,14,22,2,37,60,15,45,9,13,22,19,13,14,23,20,15,21,24,23,9,13,32,45,31,24,13,37,36,60
13.03.2022 02:00,16,36,15,21,15,17,2,30,38,14,16,14,16,21,10,14,27,22,23,15,24,24,29,8,12,24,43,8,20,14,17,33,52
13.03.2022 03:00,15,34,14,18,20,17,3,29,29,12,22,13,15,20,27,14,39,23,20,15,22,22,25,9,11,20,32,15,21,13,16,31,50
13.03.2022 04:00,15,33,14,19,21,18,5,29,32,11,17,11,13,19,23,14,35,20,19,14,19,25,22,10,11,19,34,13,18,14,14,25,33
13.03.2022 05:00,14,30,15,20,17,16,4,27,20,12,19,10,12,17,22,11,42,20,19,14,20,25,19,10,11,19,35,12,16,13,12,22,32
13.03.2022 06:00,14,28,15,19,16,16,2,24,25,14,17,11,12,17,22,12,33,20,20,15,17,21,19,10,12,18,30,17,20,14,12,20,30
13.03.2022 07:00,14,24,14,18,19,12,2,24,18,16,21,12,12,18,22,16,27,22,21,18,20,19,26,11,11,18,21,17,21,14,12,20,27
13.03.2022 08:00,15,24,13,18,17,18,2,24,27,13,17,14,13,20,14,13,29,21,24,18,22,20,24,15,13,16,20,10,8,15,15,20,29
13.03.2022 09:00,18,19,14,21,19,16,3,20,8,14,10,12,13,17,2,6,28,20,28,21,26,16,15,12,17,13,11,4,2,16,16,18,18
13.03.2022 10:00,16,14,20,28,27,19,8,18,21,13,2,12,13,14,3,6,28,21,30,25,28,19,18,11,17,7,20,10,2,17,13,15,15
13.03.2022 11:00,16,14,24,34,24,21,8,17,3,15,4,15,13,14,9,10,29,20,30,27,28,21,19,12,18,2,18,13,2,17,13,15,4
13.03.2022 12:00,15,14,25,35,25,22,7,17,2,17,10,21,16,14,9,11,32,23,27,26,28,26,16,12,18,5,18,12,7,18,13,16,7
13.03.2022 13:00,13,16,27,40,21,19,7,17,3,18,11,28,18,13,6,12,32,27,29,27,28,29,14,9,17,9,17,9,11,18,14,17,11
13.03.2022 14:00,14,16,24,32,23,18,3,17,2,20,8,29,18,15,8,11,22,36,24,27,24,23,11,6,13,10,18,7,12,18,15,20,24
13.03.2022 15:00,20,17,21,27,24,12,5,17,2,22,15,24,19,14,12,16,6,26,23,26,24,22,11,6,14,12,18,12,11,19,15,23,21
13.03.2022 16:00,22,16,20,25,16,13,5,18,5,22,14,19,19,14,16,14,5,27,22,25,25,21,9,11,13,18,18,13,13,18,15,23,19
13.03.2022 17:00,21,16,20,22,14,9,2,18,24,20,17,18,20,15,13,15,4,26,23,25,26,20,15,12,14,12,17,15,17,16,16,23,15
13.03.2022 18:00,15,18,21,23,11,8,2,18,42,22,20,17,22,16,19,12,4,25,22,23,23,21,18,30,15,18,16,16,20,17,18,22,25
13.03.2022 19:00,17,18,25,30,14,10,2,20,18,26,19,16,31,29,25,11,5,20,20,18,22,21,22,39,23,24,20,16,44,15,24,20,34
13.03.2022 20:00,18,20,29,35,20,14,2,21,28,25,20,14,27,43,27,12,7,19,18,14,21,23,20,31,29,27,18,25,31,15,18,21,25
13.03.2022 21:00,16,22,26,30,23,18,3,21,40,23,23,14,20,37,25,16,8,17,20,13,22,21,27,13,35,32,19,15,26,16,22,21,30
13.03.2022 22:00,15,28,21,25,19,15,3,24,18,21,27,13,21,38,32,19,7,19,21,13,24,19,35,10,24,41,25,17,24,16,24,22,28
13.03.2022 23:00,14,33,20,21,20,14,5,30,15,17,38,14,22,38,31,17,8,22,23,12,23,18,36,8,22,44,19,15,26,17,27,20,30
13.03.2022 24:00,12,36,18,20,17,18,9,29,15,16,40,15,24,36,32,17,6,22,25,15,25,19,24,7,23,30,25,17,23,17,29,21,29
14.03.2022 01:00,10,30,20,24,20,16,10,28,31,15,55,13,20,29,35,16,7,22,23,16,24,18,33,8,21,38,32,14,31,17,29,24,28
14.03.2022 02:00,13,32,22,24,18,18,7,30,26,16,31,14,18,30,28,19,8,21,27,15,26,20,28,9,21,28,35,10,20,17,28,29,35
14.03.2022 03:00,12,32,24,27,21,21,6,30,19,17,40,17,17,27,21,20,21,22,27,16,25,21,38,9,22,27,28,14,21,17,26,35,32
14.03.2022 04:00,13,30,25,30,23,18,6,28,27,18,34,21,18,26,27,18,18,22,22,16,21,24,37,10,21,25,24,17,23,17,24,31,34
14.03.2022 05:00,19,34,26,30,30,17,9,28,32,22,33,23,19,22,22,18,2,17,20,12,23,26,36,10,21,24,25,16,22,15,22,31,30
14.03.2022 06:00,15,25,28,40,28,19,15,27,39,22,28,30,21,23,28,22,1,25,33,20,30,24,40,11,24,29,25,12,30,15,23,31,29
14.03.2022 07:00,8,10,27,42,34,20,14,30,25,20,30,31,23,29,32,22,2,26,32,18,26,25,49,15,30,36,31,19,26,16,18,30,36
14.03.2022 08:00,5,3,16,23,32,15,11,30,23,23,32,34,26,31,40,20,3,13,32,11,18,17,64,17,30,42,38,37,29,17,23,33,40
14.03.2022 09:00,3,4,5,9,25,3,10,33,25,25,44,40,31,30,49,35,3,7,20,8,13,4,    # ,15,30,45,46,14,35,18,25,34,48
14.03.2022 10:00,2,6,2,7,21,2,6,36,17,24,38,38,30,34,35,29,4,5,13,5,9,3,    # ,16,31,56,36,17,40,21,10,29,53
14.03.2022 11:00,2,9,2,6,9,2,10,32,23,16,16,22,17,31,34,18,3,4,12,5,8,2,    # ,15,31,25,10,28,20,14,8,14,24
14.03.2022 12:00,2,17,2,5,8,2,9,21,28,11,3,11,8,17,18,10,4,4,11,6,8,2,    # ,10,28,28,4,    # ,17,9,5,8,16
14.03.2022 13:00,3,11,2,7,9,2,8,12,22,10,3,9,5,9,19,14,5,5,11,6,11,2,    # ,13,23,21,9,    # ,4,9,5,9,13
14.03.2022 14:00,5,11,2,8,10,2,8,11,19,9,5,11,4,6,15,10,5,7,13,6,12,3,    # ,13,26,7,11,    # ,2,7,7,7,6
14.03.2022 15:00,7,8,2,9,12,2,3,13,10,6,12,8,5,5,2,9,6,6,14,7,17,3,    # ,13,25,6,8,    # ,2,5,10,7,7
14.03.2022 16:00,8,8,3,9,10,2,2,11,2,6,15,8,6,4,5,7,8,9,16,9,16,3,    # ,36,24,10,13,    # ,3,6,8,5,9
14.03.2022 17:00,9,8,5,12,6,2,2,9,2,7,12,10,7,7,4,5,13,9,20,11,28,4,10,16,25,9,12,5,8,6,8,6,12
14.03.2022 18:00,13,10,7,17,9,2,2,13,17,7,18,13,8,15,7,6,14,11,20,11,26,4,14,34,26,11,17,7,7,7,12,7,18
14.03.2022 19:00,8,19,12,24,13,2,2,21,19,16,16,13,13,22,19,7,34,20,24,10,18,9,36,36,35,15,17,9,24,8,18,10,24
14.03.2022 20:00,9,35,17,30,21,3,2,20,21,32,23,18,21,21,16,15,27,20,27,12,21,15,54,31,34,34,26,18,35,7,13,21,33
14.03.2022 21:00,6,35,12,33,16,9,5,19,35,43,27,25,27,28,9,25,60,27,28,12,21,13,70,27,34,42,35,32,28,7,16,23,30
14.03.2022 22:00,6,34,13,25,18,13,4,19,23,36,34,24,26,28,12,28,33,23,21,11,19,13,52,15,34,38,38,14,24,7,21,30,34
14.03.2022 23:00,6,39,13,22,12,13,4,21,19,37,34,24,23,25,10,19,14,25,18,10,20,13,51,17,33,24,34,8,30,7,28,31,40
14.03.2022 24:00,8,27,13,16,13,9,3,19,27,35,31,17,20,22,12,26,9,21,20,11,20,12,51,16,37,27,29,9,18,8,27,34,30
15.03.2022 01:00,9,24,13,17,13,9,2,17,29,30,25,17,19,19,10,18,10,23,20,11,21,12,48,14,32,18,27,10,22,7,25,29,42
15.03.2022 02:00,13,26,17,20,17,8,2,24,8,27,34,16,17,16,19,18,16,20,27,13,25,12,30,13,28,25,24,6,16,7,20,32,36
15.03.2022 03:00,14,26,18,23,10,9,2,18,16,26,40,13,16,15,12,22,15,24,30,15,26,12,37,12,28,18,22,5,14,8,18,28,28
15.03.2022 04:00,14,29,19,28,14,11,2,17,12,30,30,14,15,15,10,24,20,22,26,15,24,12,34,13,27,16,18,7,16,8,18,25,41
15.03.2022 05:00,11,30,22,32,16,11,3,14,18,29,31,16,14,16,8,29,18,21,26,14,23,13,33,12,27,16,19,8,18,9,14,24,44
15.03.2022 06:00,9,30,22,36,20,11,4,14,13,35,28,19,19,18,9,23,13,21,32,15,21,15,32,12,27,24,17,11,16,8,15,23,27
15.03.2022 07:00,13,35,29,40,24,17,2,15,15,39,27,24,20,19,10,26,15,24,39,17,23,16,39,16,29,17,18,8,16,9,17,20,33
15.03.2022 08:00,12,47,33,42,32,20,2,17,9,36,22,34,22,24,14,28,18,41,42,20,28,20,40,15,31,15,19,7,21,9,27,20,36
15.03.2022 09:00,9,54,26,35,40,23,2,17,19,31,26,37,28,30,15,34,22,36,45,23,30,24,55,16,33,21,25,11,23,10,27,23,44
15.03.2022 10:00,8,45,29,40,41,24,2,18,24,24,38,45,33,43,17,42,18,28,41,20,23,24,80,14,34,19,34,10,21,9,23,18,35
15.03.2022 11:00,8,43,23,27,31,18,4,18,25,21,42,46,34,33,12,35,14,22,36,17,24,20,83,16,37,16,48,13,17,11,16,16,19
15.03.2022 12:00,6,42,28,29,24,19,6,19,23,20,55,46,32,37,6,30,23,23,32,15,23,17,60,16,37,29,15,10,21,11,16,15,29
15.03.2022 13:00,8,36,18,29,28,18,5,22,20,18,37,45,29,36,15,29,19,21,31,15,24,17,50,18,26,29,31,9,25,12,16,20,22
15.03.2022 14:00,5,33,21,28,28,14,6,22,14,15,30,39,28,34,20,26,13,20,29,17,18,19,27,19,26,32,28,16,33,13,14,23,30
15.03.2022 15:00,7,29,20,26,24,12,39,23,20,15,23,40,25,35,19,24,32,19,24,16,16,20,41,42,25,36,28,24,27,14,14,24,33
15.03.2022 16:00,7,25,20,29,25,19,299,25,15,20,33,47,31,40,39,27,19,22,26,19,22,25,48,29,26,38,33,26,34,17,17,27,34
15.03.2022 17:00,10,22,16,24,16,11,322,33,38,30,27,54,37,42,21,25,25,26,31,27,30,21,33,33,29,33,13,25,34,16,28,30,41
15.03.2022 18:00,34,22,18,24,13,10,221,35,54,34,29,49,33,39,22,18,32,27,34,33,32,22,    # ,27,35,48,26,22,35,17,27,30,29
15.03.2022 19:00,87,23,25,34,16,12,157,33,21,25,24,52,37,44,14,15,36,43,57,43,42,22,    # ,20,44,41,20,24,29,21,24,31,29
15.03.2022 20:00,83,24,26,38,21,17,130,37,19,26,18,103,42,40,19,20,38,47,64,50,68,24,    # ,37,41,65,19,25,29,14,29,33,28
15.03.2022 21:00,68,14,27,35,21,19,74,40,30,19,14,49,36,40,16,39,43,47,65,47,60,25,    # ,56,43,36,15,21,17,13,24,30,26
15.03.2022 22:00,45,19,29,33,26,22,58,38,28,26,9,30,27,36,13,40,37,43,60,42,56,25,    # ,34,48,37,12,16,6,11,30,24,25
15.03.2022 23:00,26,30,27,31,22,22,47,36,21,30,12,26,27,29,9,32,45,36,53,36,44,25,    # ,54,45,42,5,18,5,9,36,22,20
15.03.2022 24:00,26,35,25,29,25,20,30,32,10,28,23,26,26,13,6,23,36,36,43,34,35,24,    # ,29,29,2,9,11,8,9,36,20,20
16.03.2022 01:00,27,37,27,29,14,22,49,21,2,23,22,22,22,14,5,12,35,31,32,26,28,25,13,29,22,3,15,15,13,8,33,20,21
16.03.2022 02:00,26,30,28,29,19,23,34,18,4,20,20,21,22,18,8,10,33,31,33,27,26,24,19,31,21,11,20,12,11,8,36,21,23
16.03.2022 03:00,26,24,30,30,20,19,26,20,4,27,25,20,23,23,13,15,41,30,34,28,27,35,23,29,19,14,20,10,13,8,21,22,28
16.03.2022 04:00,29,25,38,41,24,21,24,22,2,23,20,20,22,26,12,15,33,34,36,33,29,40,24,29,19,19,20,8,8,12,18,18,24
16.03.2022 05:00,38,22,45,52,21,27,18,20,2,21,24,19,21,25,13,14,37,37,43,38,35,42,24,28,24,14,21,6,14,14,19,13,21
16.03.2022 06:00,47,20,41,46,19,22,16,20,13,22,19,19,21,24,17,15,39,31,35,31,27,36,31,32,24,9,21,8,8,13,27,12,14
16.03.2022 07:00,47,21,28,34,15,17,20,18,26,25,24,22,23,18,12,14,44,32,40,31,32,36,34,56,23,10,22,7,11,14,29,9,16
16.03.2022 08:00,41,26,26,36,13,14,16,18,5,19,20,19,21,15,14,12,44,31,38,28,30,39,41,32,17,13,22,8,11,16,27,10,20
16.03.2022 09:00,34,20,26,33,17,13,18,18,7,14,20,14,17,15,14,10,40,30,39,30,32,35,38,15,16,11,23,14,8,17,21,12,21
16.03.2022 10:00,36,21,26,39,19,14,21,30,14,12,11,15,18,16,15,15,41,26,38,28,31,29,37,23,17,10,9,12,4,18,18,15,26
16.03.2022 11:00,34,25,27,40,21,14,23,23,13,14,16,16,18,22,26,14,42,19,41,27,30,28,35,30,21,6,19,9,9,18,22,17,30
16.03.2022 12:00,32,25,24,37,28,16,24,24,14,16,16,20,21,22,20,16,44,18,31,22,25,27,33,19,23,17,20,12,14,16,18,19,22
16.03.2022 13:00,25,24,20,29,24,18,22,23,38,21,21,24,25,22,22,17,46,19,27,21,26,24,26,37,27,18,21,13,21,15,17,21,17
16.03.2022 14:00,20,23,17,27,21,13,17,21,4,22,11,22,26,22,15,18,52,17,22,18,20,21,19,23,28,21,16,17,11,16,20,22,16
16.03.2022 15:00,20,23,19,28,23,11,18,20,5,21,15,20,24,23,22,19,45,18,23,20,20,22,18,21,28,27,22,16,10,15,22,21,25
16.03.2022 16:00,20,22,23,32,22,14,18,18,5,21,13,18,25,23,17,21,56,19,25,22,21,22,22,32,26,28,21,18,12,17,21,20,22
16.03.2022 17:00,15,27,26,34,27,18,14,16,2,26,23,17,28,25,10,23,49,21,28,24,25,18,36,17,23,26,22,18,18,18,20,21,27
16.03.2022 18:00,16,29,27,36,26,17,14,14,2,31,21,19,29,37,19,26,52,21,29,24,28,18,37,24,24,37,23,18,28,19,24,22,29
16.03.2022 19:00,22,28,30,41,34,21,12,17,19,35,19,21,31,38,30,31,56,22,30,24,29,24,38,30,25,39,27,21,27,20,28,22,26
16.03.2022 20:00,22,30,32,43,32,19,12,19,44,33,27,23,33,46,31,29,60,22,32,25,32,28,38,19,28,46,29,18,32,23,30,21,26
16.03.2022 21:00,23,32,31,40,29,20,14,21,11,32,31,26,38,46,18,26,62,23,35,28,34,31,38,9,32,45,32,17,36,23,30,21,31
16.03.2022 22:00,28,33,34,42,33,23,14,24,10,31,29,27,40,49,28,28,75,26,36,28,36,33,34,7,35,41,33,17,44,22,29,21,31
16.03.2022 23:00,32,34,37,45,28,24,16,31,20,27,21,28,39,43,21,22,41,26,37,29,36,30,31,7,33,34,27,18,37,21,28,22,38
16.03.2022 24:00,32,39,35,42,32,25,17,30,36,27,29,26,36,42,24,28,35,24,37,30,36,30,32,6,34,39,35,18,33,22,27,22,43
17.03.2022 01:00,30,42,34,41,22,22,25,26,33,32,37,26,32,39,22,28,34,24,37,28,34,32,22,6,34,29,31,26,29,23,25,24,46
17.03.2022 02:00,30,41,32,41,27,24,35,28,31,34,37,28,32,37,31,26,33,22,36,26,32,35,26,8,32,32,33,23,26,24,23,31,30
17.03.2022 03:00,29,38,29,37,28,27,88,32,31,33,42,28,33,37,27,31,39,21,31,25,28,35,35,8,29,34,29,24,27,24,23,31,30
17.03.2022 04:00,27,38,29,35,31,24,112,35,34,33,39,28,30,40,27,34,31,20,30,25,27,35,32,9,31,34,31,27,24,28,24,32,33
17.03.2022 05:00,27,40,29,35,27,27,144,35,37,37,39,32,31,41,26,33,29,21,32,27,28,34,40,9,35,34,36,22,33,31,24,32,35
17.03.2022 06:00,25,42,31,39,31,24,174,33,39,37,40,37,34,42,28,32,28,24,33,28,29,32,47,8,37,34,34,26,27,34,25,34,36
17.03.2022 07:00,27,47,35,47,35,29,174,33,32,37,43,40,35,44,32,38,28,27,38,29,31,33,59,9,39,38,39,33,35,35,26,35,35
17.03.2022 08:00,30,53,38,52,44,29,156,37,37,39,47,41,35,47,33,33,39,29,41,30,33,35,53,9,42,32,45,32,39,35,29,36,43
17.03.2022 09:00,21,53,38,50,43,35,146,45,38,36,41,42,38,48,38,34,33,29,43,32,35,38,56,11,43,38,45,50,49,33,29,36,55
17.03.2022 10:00,17,53,34,45,41,30,178,53,42,33,43,42,38,45,48,28,39,27,42,32,32,39,50,15,39,34,45,30,36,32,27,37,42
17.03.2022 11:00,16,51,33,45,36,25,184,58,23,29,40,42,37,42,46,31,39,26,43,32,33,38,53,21,27,34,38,28,35,32,23,37,38
17.03.2022 12:00,18,49,32,44,37,31,113,53,34,27,45,39,36,38,43,30,37,24,48,33,37,39,50,24,26,39,40,27,39,32,23,37,40
17.03.2022 13:00,23,45,34,48,37,28,90,46,35,26,34,39,34,35,39,35,39,25,50,36,39,39,46,28,30,48,37,33,37,33,25,38,47
17.03.2022 14:00,25,42,36,51,45,31,67,44,45,26,39,42,35,34,36,24,41,27,51,38,45,37,42,27,25,37,35,35,40,33,25,37,55
17.03.2022 15:00,25,42,36,51,40,33,59,39,39,25,35,43,35,34,38,35,42,31,49,35,41,39,48,31,23,46,40,35,40,30,26,38,61
17.03.2022 16:00,26,42,37,56,43,33,45,37,35,29,37,45,36,30,36,30,42,39,49,39,42,42,49,31,20,45,37,37,52,23,31,35,58
17.03.2022 17:00,28,44,41,62,45,34,33,40,48,30,36,45,34,31,45,33,42,43,61,47,51,44,43,72,22,52,43,39,51,23,34,35,54
17.03.2022 18:00,32,48,45,66,44,36,30,41,45,30,39,41,35,40,38,33,45,42,65,51,56,49,51,37,24,42,36,41,45,22,38,36,46
17.03.2022 19:00,37,50,47,68,47,37,23,43,58,27,49,42,37,42,52,39,37,44,68,51,56,50,56,37,29,49,41,23,51,22,38,40,43
17.03.2022 20:00,39,50,51,71,50,36,31,45,52,26,48,35,36,42,42,37,42,44,71,50,59,44,52,44,28,44,44,12,59,23,39,39,36
17.03.2022 21:00,43,49,51,70,59,43,23,46,37,27,47,33,34,44,32,40,43,48,75,54,70,44,55,68,33,45,47,9,51,20,39,19,28
17.03.2022 22:00,47,50,51,69,51,42,18,41,44,34,40,34,36,45,39,42,42,50,74,55,70,45,49,39,30,51,42,6,51,21,38,10,16
17.03.2022 23:00,50,45,49,64,66,39,14,38,46,32,43,38,39,44,34,48,44,52,75,55,68,46,46,49,28,46,43,2,43,25,39,8,13
17.03.2022 24:00,50,38,49,62,63,37,14,44,37,39,42,37,39,40,20,44,44,54,74,55,65,49,46,50,29,44,40,3,44,34,38,7,11
18.03.2022 01:00,49,38,49,63,58,47,10,27,26,33,39,34,38,36,20,52,55,56,73,56,64,47,43,42,29,28,37,3,37,34,34,5,13
18.03.2022 02:00,47,40,50,64,76,42,14,23,25,32,43,33,36,36,18,41,59,55,70,55,60,41,41,46,30,35,36,6,47,33,27,6,14
18.03.2022 03:00,47,38,50,64,84,45,8,22,22,30,29,33,36,36,15,44,55,54,66,55,57,38,38,49,29,38,39,5,43,29,28,6,14
18.03.2022 04:00,49,31,49,62,70,40,24,19,13,28,29,34,37,45,17,42,54,50,62,50,54,36,37,46,28,42,34,2,39,28,29,7,10
18.03.2022 05:00,46,28,45,57,44,41,39,18,17,31,27,37,41,52,16,43,55,47,59,48,51,37,26,46,30,48,32,3,27,30,30,7,16
18.03.2022 06:00,42,27,42,57,48,40,39,20,13,30,26,45,49,49,18,37,54,47,58,48,51,42,31,46,29,48,26,6,14,46,30,7,20
18.03.2022 07:00,38,24,43,59,51,37,40,19,20,30,26,44,46,42,14,40,54,46,57,46,50,46,30,48,31,33,22,7,17,58,32,8,24
18.03.2022 08:00,44,23,49,69,47,43,35,15,16,35,19,40,42,47,15,34,53,48,55,44,48,45,25,50,33,41,19,11,11,60,38,9,33
18.03.2022 09:00,36,23,46,62,48,40,37,14,8,33,21,45,47,57,10,33,52,38,44,36,40,38,25,56,33,48,18,12,9,56,34,11,33
18.03.2022 10:00,33,22,41,54,40,30,34,12,4,35,18,48,50,59,8,29,49,35,41,34,38,31,28,63,33,52,21,9,25,52,34,10,31
18.03.2022 11:00,31,23,42,53,44,37,35,13,6,40,17,47,51,50,7,35,42,35,42,37,39,28,22,58,38,32,26,11,29,47,33,10,27
18.03.2022 12:00,27,22,43,53,44,35,33,13,7,40,14,39,41,36,5,30,40,32,39,35,36,27,24,58,33,35,22,8,35,43,30,10,12
18.03.2022 13:00,27,21,39,50,40,34,44,16,9,35,18,29,32,33,4,24,36,30,35,32,32,26,28,57,22,32,33,7,29,40,32,11,21
18.03.2022 14:00,26,22,35,45,38,27,34,23,14,34,16,28,29,26,18,25,31,28,33,30,32,25,27,50,16,32,25,3,28,37,33,12,24
18.03.2022 15:00,28,24,24,33,29,25,33,31,15,32,29,24,26,25,26,15,28,28,33,30,32,26,37,37,18,42,33,4,38,37,31,16,20
18.03.2022 16:00,31,27,19,25,30,19,32,35,26,28,27,23,26,30,34,15,28,25,32,27,30,27,40,33,22,36,29,16,42,37,30,24,24
18.03.2022 17:00,31,29,15,21,17,12,25,36,45,23,33,31,36,30,36,15,27,22,25,22,25,31,42,37,27,36,38,19,39,37,28,28,31
18.03.2022 18:00,28,33,22,29,17,12,22,38,47,26,32,41,42,34,38,7,26,21,24,22,24,27,43,40,27,46,32,27,43,45,23,32,29
18.03.2022 19:00,20,39,31,42,27,12,25,41,48,26,46,42,43,45,41,11,27,22,25,22,26,28,49,39,31,59,36,23,48,54,20,35,41
18.03.2022 20:00,19,42,38,50,34,25,27,40,46,30,39,48,49,56,35,15,28,21,27,23,27,31,46,39,40,57,42,17,41,54,28,36,35
18.03.2022 21:00,20,43,41,54,37,29,28,36,50,29,44,55,57,63,28,21,26,22,28,24,28,35,53,39,41,59,38,20,38,30,27,32,32
18.03.2022 22:00,23,45,51,66,44,31,32,32,44,26,48,62,66,66,39,28,30,23,29,24,29,37,55,38,35,64,40,24,41,27,31,28,28
18.03.2022 23:00,23,45,58,74,46,40,27,30,41,25,54,65,65,58,41,39,25,24,29,25,29,40,53,38,38,60,48,20,43,29,30,30,28
18.03.2022 24:00,24,44,60,74,47,39,27,29,32,26,48,52,50,44,35,46,21,24,29,25,30,43,54,41,40,54,44,16,49,32,29,30,31
19.03.2022 01:00,25,43,65,82,55,48,21,27,37,26,70,41,41,40,35,52,21,26,32,26,32,49,69,41,36,54,42,15,39,31,32,23,19
19.03.2022 02:00,26,44,66,86,57,51,23,25,47,26,50,36,37,36,31,49,22,31,37,30,37,53,46,36,35,46,43,12,46,33,31,18,26
19.03.2022 03:00,27,43,55,70,54,50,25,25,29,29,47,35,35,35,33,49,23,40,49,42,46,47,47,31,34,41,45,14,44,32,31,15,16
19.03.2022 04:00,28,40,44,54,43,43,26,27,32,34,48,35,32,34,32,44,26,50,61,53,59,40,49,28,36,48,44,18,40,31,32,14,20
19.03.2022 05:00,29,39,37,46,43,39,22,26,39,34,57,36,31,35,31,42,27,50,61,56,60,38,46,27,39,50,41,17,42,29,32,14,18
19.03.2022 06:00,34,40,32,40,35,33,27,27,35,40,39,35,32,36,36,42,29,47,54,48,55,36,61,28,39,43,45,18,39,29,34,14,20
19.03.2022 07:00,44,39,31,38,42,33,19,29,32,41,65,36,32,36,32,38,30,42,46,42,48,35,50,28,39,47,44,16,45,30,35,16,19
19.03.2022 08:00,46,37,32,38,35,31,33,33,30,42,51,34,30,34,29,35,31,38,43,38,44,33,45,31,40,33,49,18,45,32,39,18,19
19.03.2022 09:00,45,32,34,40,40,32,28,29,19,36,18,28,25,29,9,23,31,28,33,29,33,31,40,32,37,28,30,11,18,30,41,19,28
19.03.2022 10:00,41,34,29,36,38,35,32,19,14,33,21,24,23,26,10,29,30,23,28,25,27,27,34,35,18,25,45,12,11,28,41,18,15
19.03.2022 11:00,37,22,25,33,33,32,28,14,4,37,18,25,23,23,9,26,31,22,27,24,28,24,16,34,14,25,28,8,25,24,36,9,12
19.03.2022 12:00,33,12,26,32,33,29,25,11,9,41,16,28,25,24,6,20,28,18,24,22,25,23,15,34,20,25,21,8,18,25,36,5,7
19.03.2022 13:00,31,6,26,32,37,26,24,9,11,43,4,30,24,22,8,20,29,17,22,21,22,22,16,37,29,26,18,4,18,27,38,5,5
19.03.2022 14:00,29,5,22,28,28,26,28,10,7,41,5,31,24,23,9,19,31,18,22,23,22,22,35,43,36,31,11,2,18,22,40,5,12
19.03.2022 15:00,26,5,23,29,29,23,23,10,19,35,18,30,24,23,19,18,32,20,24,24,23,23,10,45,32,29,14,4,19,18,39,5,12
19.03.2022 16:00,25,5,24,31,29,19,23,14,5,30,2,27,24,17,10,16,32,24,22,24,23,19,2,43,27,25,10,12,18,16,32,6,12
19.03.2022 17:00,24,5,24,31,24,21,27,21,25,27,2,18,18,16,17,27,32,37,34,37,38,14,2,42,25,22,7,11,8,15,28,10,14
19.03.2022 18:00,37,12,22,29,27,16,24,25,33,26,20,16,17,20,28,30,34,36,39,38,41,13,22,63,24,27,16,15,18,16,26,20,19
19.03.2022 19:00,41,25,22,35,27,18,23,27,25,25,36,19,21,21,29,24,33,31,37,34,38,13,18,61,21,25,29,26,29,18,26,31,32
19.03.2022 20:00,36,28,30,43,36,28,28,27,17,25,34,21,21,21,27,10,28,30,33,30,35,21,30,49,26,33,22,24,28,20,26,32,23
19.03.2022 21:00,31,26,24,31,27,34,34,25,17,25,21,20,21,22,28,22,25,26,30,27,32,20,30,45,30,26,24,25,22,20,23,27,27
19.03.2022 22:00,29,24,27,35,29,25,38,23,20,26,26,18,20,23,18,10,29,24,27,25,30,21,32,42,34,28,26,24,26,22,23,27,26
19.03.2022 23:00,28,22,26,34,26,26,34,22,21,24,28,18,20,25,21,23,35,25,27,25,30,21,29,39,39,29,29,24,24,29,23,30,30
19.03.2022 24:00,27,24,29,35,30,27,23,26,31,24,34,23,24,28,29,26,40,24,26,24,29,21,30,38,41,34,26,31,32,35,22,25,32
20.03.2022 01:00,27,21,28,36,19,19,29,32,41,25,22,28,30,33,24,27,44,24,28,24,29,22,36,34,39,27,23,19,29,40,21,25,23
20.03.2022 02:00,29,24,29,37,31,26,27,38,37,26,33,30,32,34,31,30,44,24,28,25,29,23,35,32,38,30,26,20,36,44,20,27,34
20.03.2022 03:00,30,27,28,36,29,25,19,41,51,26,36,32,34,36,33,31,43,24,27,25,28,24,37,28,36,33,34,29,43,43,20,32,30
20.03.2022 04:00,30,30,28,37,30,25,21,43,39,29,43,33,35,37,39,32,42,23,27,24,27,26,34,28,30,32,34,33,51,41,21,37,34
20.03.2022 05:00,30,32,30,38,28,25,18,42,34,29,35,35,34,36,32,32,43,23,27,25,27,29,41,28,26,33,30,39,44,38,21,41,44
20.03.2022 06:00,30,34,32,40,28,23,5,41,26,26,42,35,34,35,38,25,40,23,29,26,27,31,41,26,23,33,31,36,34,36,21,43,42
20.03.2022 07:00,29,43,33,40,32,29,10,40,33,23,43,34,32,32,34,25,32,23,28,27,27,32,42,22,21,32,29,36,45,34,23,42,39
20.03.2022 08:00,26,37,33,39,31,27,10,38,27,21,34,31,30,27,19,25,35,24,28,27,26,32,38,19,20,33,30,20,22,31,22,41,37
20.03.2022 09:00,20,30,32,35,30,25,18,35,22,19,23,24,25,22,12,13,33,25,28,26,27,32,35,16,19,18,29,34,10,28,20,39,33
20.03.2022 10:00,18,23,29,32,30,24,17,31,20,18,23,20,21,20,20,21,30,23,26,26,27,32,30,14,18,11,27,27,20,23,17,34,26
20.03.2022 11:00,16,21,29,33,31,27,13,29,5,19,18,21,19,19,16,17,30,20,24,25,25,33,30,13,18,18,28,26,16,20,16,29,19
20.03.2022 12:00,15,19,28,31,25,22,14,28,16,18,22,22,20,18,17,18,31,20,20,24,22,30,26,11,18,13,28,19,18,18,16,25,19
20.03.2022 13:00,15,17,24,28,26,25,17,26,15,17,17,23,20,17,12,14,33,20,20,23,21,27,26,12,17,16,23,12,17,17,15,23,20
20.03.2022 14:00,18,18,22,24,20,19,13,25,4,16,17,22,19,17,15,14,31,19,20,22,20,25,21,14,17,16,23,7,13,16,15,24,25
20.03.2022 15:00,19,17,19,22,23,15,11,24,2,16,18,20,18,17,15,14,29,19,19,21,20,24,17,30,16,21,21,16,17,15,15,24,26
20.03.2022 16:00,18,17,18,20,19,14,12,23,2,15,16,18,19,17,16,14,26,20,19,21,21,23,19,15,15,22,24,20,17,14,15,23,22
20.03.2022 17:00,17,17,18,20,13,10,15,22,5,14,22,17,19,18,14,14,23,20,19,21,21,23,21,14,15,15,19,20,20,14,15,21,23
20.03.2022 18:00,18,18,19,22,15,11,12,21,8,14,20,16,18,18,17,14,18,19,19,19,21,21,30,36,15,18,23,24,22,16,14,20,25
20.03.2022 19:00,18,19,19,23,19,9,10,22,29,13,22,15,18,18,18,15,18,18,18,19,21,19,30,21,15,22,20,14,23,17,14,22,22
20.03.2022 20:00,18,20,20,24,17,12,12,26,20,14,23,14,18,18,18,12,22,16,16,15,18,20,33,19,16,23,23,20,27,17,14,23,27
20.03.2022 21:00,15,20,18,22,17,14,10,23,21,12,21,12,16,20,20,16,25,15,16,14,18,21,25,19,16,23,23,20,31,17,13,22,22
20.03.2022 22:00,13,18,17,21,17,14,8,24,20,12,24,12,16,20,22,13,24,15,16,14,17,20,22,18,16,27,20,29,30,17,13,22,25
20.03.2022 23:00,13,17,17,19,16,12,12,24,23,13,23,12,16,20,24,18,22,16,16,13,17,18,23,16,15,19,23,6,28,16,15,20,21
20.03.2022 24:00,12,18,17,18,16,14,14,22,21,13,24,12,15,18,25,17,15,14,17,13,17,18,23,14,15,22,20,22,26,14,14,18,18
21.03.2022 01:00,13,21,15,18,20,12,8,22,22,14,23,12,15,17,26,17,12,13,16,13,17,19,21,17,15,26,25,29,22,16,13,18,15
21.03.2022 02:00,13,22,16,19,18,15,14,21,20,15,20,13,14,18,26,19,12,14,16,12,18,19,23,17,15,25,22,26,21,14,13,20,30
21.03.2022 03:00,14,21,18,20,15,17,17,22,19,18,29,14,13,18,25,19,24,14,16,12,18,19,27,15,15,23,21,28,24,14,14,21,31
21.03.2022 04:00,14,29,19,20,20,15,13,23,22,15,40,15,14,19,26,18,26,14,17,10,18,18,30,14,14,23,21,17,24,13,14,22,29
21.03.2022 05:00,13,25,19,22,19,16,12,26,24,15,24,16,15,19,24,17,28,13,19,10,19,18,29,14,15,20,20,13,26,13,15,22,27
21.03.2022 06:00,13,34,19,25,19,17,12,25,34,13,24,17,14,20,20,17,27,14,21,11,21,18,30,14,15,20,25,21,21,12,16,25,30
21.03.2022 07:00,13,34,21,29,26,21,12,28,35,14,31,19,15,23,28,20,30,16,26,14,20,18,45,17,18,22,26,24,28,12,17,27,35
21.03.2022 08:00,13,38,26,29,28,23,13,31,26,16,28,22,16,22,22,19,37,16,33,15,25,19,42,18,20,19,23,28,13,12,19,28,32
21.03.2022 09:00,14,28,21,28,34,25,18,29,24,15,22,18,14,21,17,12,29,18,35,18,32,18,    # ,17,21,18,37,15,2,12,21,24,42
21.03.2022 10:00,15,23,22,31,32,19,11,27,6,14,21,18,14,18,23,15,27,22,34,23,33,18,    # ,21,18,12,30,18,2,13,20,22,31
21.03.2022 11:00,17,23,23,29,30,24,16,24,2,15,22,22,15,16,15,14,26,22,34,25,34,20,    # ,23,16,11,20,19,8,14,20,21,12
21.03.2022 12:00,19,21,21,29,26,22,19,23,13,17,21,24,17,17,13,14,28,    # ,36,28,    # ,21,    # ,27,14,12,28,12,17,15,20,21,27
21.03.2022 13:00,22,20,20,29,24,19,32,23,13,17,16,27,20,19,10,15,28,27,34,30,36,22,    # ,27,15,17,20,8,11,16,21,20,30
21.03.2022 14:00,22,18,20,30,26,21,34,23,4,17,20,28,20,20,14,18,30,27,32,24,32,22,    # ,25,16,15,23,6,14,16,20,20,29
21.03.2022 15:00,23,17,20,29,24,15,27,22,2,16,19,28,21,21,18,16,29,37,31,22,32,20,    # ,27,17,23,22,14,14,16,20,19,19
21.03.2022 16:00,22,16,19,27,20,15,23,20,7,17,17,25,24,22,12,15,27,36,30,23,33,19,18,26,18,25,18,20,18,16,17,21,24
21.03.2022 17:00,25,16,17,26,14,12,23,19,35,18,25,21,25,22,18,16,24,34,31,27,37,20,32,29,19,22,20,20,23,15,15,21,28
21.03.2022 18:00,26,17,17,27,19,11,13,19,39,19,21,21,24,23,19,12,15,33,33,29,38,18,32,25,17,22,22,26,21,15,18,22,34
21.03.2022 19:00,27,23,23,35,20,11,13,21,28,23,16,23,26,35,27,13,12,34,35,29,38,19,32,32,25,35,25,29,34,14,16,26,39
21.03.2022 20:00,23,47,29,45,28,16,13,23,37,25,32,31,30,29,33,21,13,32,34,26,34,23,38,30,23,30,33,38,29,15,23,35,47
21.03.2022 21:00,22,37,33,45,26,21,17,30,56,21,42,30,26,30,28,27,16,30,30,23,32,23,40,33,29,30,32,29,30,16,16,42,40
21.03.2022 22:00,19,33,39,45,33,25,14,38,39,20,56,29,21,28,26,20,19,24,24,20,28,24,37,29,26,30,40,16,24,16,16,43,45
21.03.2022 23:00,16,33,37,43,35,23,16,41,30,22,61,25,23,24,24,7,22,22,23,18,25,29,35,26,23,35,33,11,29,17,16,42,44
21.03.2022 24:00,15,36,38,46,27,26,17,45,42,17,38,21,24,25,28,12,20,23,26,19,24,27,44,20,21,40,27,26,26,16,20,43,50
22.03.2022 01:00,15,34,37,43,24,19,16,40,39,15,32,16,20,26,31,20,22,25,24,19,25,25,60,19,20,23,25,2,25,16,22,41,46
22.03.2022 02:00,15,35,29,36,25,24,15,37,40,14,39,14,22,26,28,17,22,28,24,19,31,24,56,18,18,31,25,10,28,14,16,41,51
22.03.2022 03:00,16,34,25,31,20,25,14,35,31,16,52,15,22,28,28,17,23,28,27,21,28,24,55,17,18,32,25,19,25,14,16,39,50
22.03.2022 04:00,17,36,24,32,28,24,15,35,27,15,42,16,19,26,23,18,25,25,26,19,24,23,42,16,17,23,22,16,29,14,15,37,50
22.03.2022 05:00,18,39,24,32,24,21,12,31,25,18,54,17,20,24,25,15,22,24,28,18,26,23,36,15,17,32,24,25,26,15,16,36,55
22.03.2022 06:00,17,38,30,34,29,28,12,30,29,17,49,18,21,25,23,18,23,23,30,19,26,23,44,15,19,25,23,13,25,14,16,36,48
22.03.2022 07:00,14,44,32,40,33,30,11,31,38,17,41,21,21,29,31,19,25,23,37,20,26,26,53,15,21,24,23,23,24,15,18,37,53
22.03.2022 08:00,13,45,33,34,36,36,15,31,30,19,35,19,20,31,20,19,46,23,37,23,27,26,61,17,23,23,30,25,8,14,24,39,57
22.03.2022 09:00,14,32,22,32,32,26,16,33,13,17,11,19,17,30,23,25,24,19,40,27,28,24,45,15,24,15,37,34,2,14,21,34,63
22.03.2022 10:00,18,20,24,32,34,22,10,32,18,16,5,21,17,19,26,14,23,20,43,30,27,24,36,13,18,12,29,18,4,14,15,25,38
22.03.2022 11:00,20,18,24,34,28,26,17,29,2,17,18,22,19,16,14,15,25,22,    # ,30,30,25,36,14,17,10,22,16,13,13,14,21,6
22.03.2022 12:00,    # ,17,25,34,32,21,14,28,3,15,20,26,20,16,14,10,27,25,40,31,30,28,17,15,17,15,23,8,13,15,12,21,12
22.03.2022 13:00,26,17,22,29,25,19,14,26,14,12,19,26,22,15,17,10,29,25,33,28,29,32,12,14,14,15,25,8,11,17,10,19,24
22.03.2022 14:00,26,15,16,26,23,18,11,24,2,12,9,24,21,14,17,14,31,25,30,27,27,33,11,23,12,10,16,10,10,16,13,18,29
22.03.2022 15:00,28,12,14,23,24,12,16,20,2,15,13,22,20,14,17,15,29,24,27,26,26,29,9,24,13,18,20,12,11,16,12,15,20
22.03.2022 16:00,26,11,15,24,15,10,13,18,2,18,16,20,19,13,18,12,24,19,26,24,24,23,5,21,14,17,17,14,11,17,14,14,16
22.03.2022 17:00,25,11,16,24,14,12,14,16,6,15,15,17,19,13,15,7,16,15,20,18,21,22,8,23,15,12,19,17,13,17,14,14,18
22.03.2022 18:00,23,12,17,22,17,8,12,18,49,18,20,17,17,16,15,5,23,14,17,15,19,18,20,24,17,18,19,21,16,17,18,15,24
22.03.2022 19:00,17,19,21,27,16,6,17,19,5,24,15,19,19,26,19,13,22,15,21,15,22,15,28,24,22,31,20,15,36,16,25,17,32
22.03.2022 20:00,14,27,27,44,28,12,16,25,3,24,30,30,27,28,33,20,34,22,31,18,29,15,34,36,31,36,28,29,35,14,30,23,44
22.03.2022 21:00,11,36,36,57,64,25,12,26,57,30,37,34,30,24,24,33,38,29,46,24,32,17,36,27,30,39,34,33,31,14,36,33,39
22.03.2022 22:00,10,37,51,65,59,30,13,34,47,36,37,37,30,24,27,29,36,30,56,36,41,30,46,24,23,36,33,21,31,13,34,40,44
22.03.2022 23:00,9,32,66,68,62,32,14,42,44,31,37,43,33,22,34,33,33,29,58,37,47,23,51,19,21,30,28,11,27,10,25,42,44
22.03.2022 24:00,9,33,61,67,54,31,14,31,33,31,37,37,31,22,33,23,27,34,50,39,45,23,50,15,17,28,20,15,26,9,30,42,40
23.03.2022 01:00,11,32,51,64,47,24,15,26,32,24,26,42,31,22,27,22,26,34,37,34,38,21,48,14,17,25,20,4,27,8,21,42,39
23.03.2022 02:00,11,30,39,51,31,30,10,26,27,21,35,40,27,21,29,22,37,29,29,25,31,20,43,17,18,26,18,7,17,10,19,37,43
23.03.2022 03:00,12,30,30,44,34,24,7,29,28,20,36,35,34,20,30,15,26,23,26,22,24,20,43,12,16,22,24,19,22,8,18,35,39
23.03.2022 04:00,12,30,29,43,29,31,7,30,35,19,40,31,35,22,27,20,23,19,27,21,24,20,41,10,17,21,21,17,23,9,17,32,49
23.03.2022 05:00,13,33,28,36,33,28,4,29,26,21,35,32,34,22,30,25,21,20,29,24,21,20,40,9,18,28,18,10,29,9,18,31,45
23.03.2022 06:00,14,32,28,49,26,29,4,29,22,24,30,27,26,22,26,21,20,22,31,24,24,21,43,9,21,22,20,13,24,9,17,33,45
23.03.2022 07:00,14,38,33,48,43,25,4,29,26,21,31,28,20,25,38,31,21,22,35,24,24,26,40,9,23,33,19,17,28,7,18,31,39
23.03.2022 08:00,13,39,32,47,32,37,5,32,31,25,31,28,21,23,24,26,30,27,43,25,29,35,38,12,26,29,12,24,5,8,18,35,43
23.03.2022 09:00,13,32,30,50,47,26,8,34,31,21,17,33,27,23,35,24,31,28,44,27,30,29,51,11,24,19,26,25,2,8,17,34,47
23.03.2022 10:00,15,34,26,44,43,26,12,38,22,15,33,34,30,29,27,33,25,30,46,30,33,28,66,11,21,17,51,29,13,9,10,34,41
23.03.2022 11:00,16,36,27,46,35,25,13,38,3,22,35,43,30,23,31,27,26,34,46,31,39,22,51,12,18,13,42,42,18,9,11,35,33
23.03.2022 12:00,19,32,29,45,29,25,12,34,13,20,29,49,35,21,22,30,24,40,47,30,41,19,28,12,16,20,33,28,19,10,12,33,40
23.03.2022 13:00,19,31,26,42,31,26,13,30,13,17,21,44,38,22,15,24,31,39,47,32,39,21,15,12,16,12,25,10,11,10,12,23,32
23.03.2022 14:00,19,32,24,40,29,21,9,27,2,15,19,41,34,22,9,18,33,35,41,31,37,22,13,13,16,11,21,10,11,11,11,20,30
23.03.2022 15:00,16,31,26,41,25,18,    # ,26,2,15,17,38,29,18,12,14,34,37,41,31,37,23,25,29,15,18,22,14,11,12,16,22,26
23.03.2022 16:00,21,27,23,35,26,16,11,25,2,15,22,25,22,12,16,14,33,34,39,31,37,21,28,26,15,25,18,15,12,9,13,23,29
23.03.2022 17:00,25,26,24,39,14,12,8,24,16,17,24,20,20,13,20,8,29,22,37,31,40,20,23,16,14,12,22,14,20,8,15,19,19
23.03.2022 18:00,25,26,21,35,21,12,6,24,31,16,21,17,20,16,23,12,29,27,33,27,36,20,29,18,18,14,51,23,21,8,19,21,28
23.03.2022 19:00,20,32,27,45,21,7,6,26,29,21,19,27,24,23,27,19,32,26,33,22,35,25,35,27,26,53,41,18,34,9,17,23,34
23.03.2022 20:00,19,41,35,58,35,20,11,31,56,40,49,38,23,22,33,32,36,25,44,25,36,29,46,21,24,49,38,35,35,9,15,34,51
23.03.2022 21:00,18,43,42,76,79,26,12,36,58,56,35,57,35,28,35,30,56,28,60,35,46,36,44,27,27,39,42,28,35,9,17,39,43
23.03.2022 22:00,17,43,52,73,62,22,9,42,49,46,34,117,39,24,27,41,41,36,62,49,58,38,46,21,42,30,39,23,33,9,18,46,41
23.03.2022 23:00,14,41,51,74,55,34,11,43,54,41,41,50,34,28,39,33,32,34,63,49,57,33,47,20,18,30,39,19,26,9,25,47,43
23.03.2022 24:00,13,43,51,65,42,37,14,44,34,30,59,41,30,31,33,12,25,43,61,49,51,30,42,18,21,27,30,21,25,10,23,43,49
24.03.2022 01:00,14,40,45,51,50,33,11,45,34,27,52,33,28,26,36,23,25,43,45,44,40,31,51,13,20,32,28,31,27,17,20,43,44
24.03.2022 02:00,16,40,38,48,41,37,10,32,31,28,41,31,27,21,44,21,26,38,32,35,35,31,50,13,18,29,26,25,16,25,21,42,46
24.03.2022 03:00,17,40,33,42,30,37,11,31,28,24,45,29,27,18,36,21,26,31,27,23,23,31,46,12,17,22,28,13,17,31,17,39,47
24.03.2022 04:00,18,41,33,50,35,33,9,33,37,23,32,27,25,19,40,17,26,27,26,20,18,30,49,11,16,23,22,19,26,32,16,36,45
24.03.2022 05:00,13,41,36,49,34,31,7,33,26,26,40,27,31,18,32,23,22,23,27,22,19,31,38,11,18,23,22,16,36,30,15,34,40
24.03.2022 06:00,13,37,38,54,38,33,7,32,26,25,37,30,26,21,39,27,22,21,28,22,18,32,41,10,20,26,23,24,24,28,15,32,39
24.03.2022 07:00,16,39,40,54,44,27,7,34,39,22,37,35,27,26,42,25,21,21,30,20,24,35,45,12,20,26,25,24,29,27,16,35,40
24.03.2022 08:00,15,39,43,51,45,30,9,37,27,21,34,38,28,23,33,25,43,21,38,20,26,38,46,13,23,24,25,25,9,27,17,36,42
24.03.2022 09:00,17,38,42,58,66,28,12,43,30,9,27,35,29,25,47,31,20,24,41,22,30,42,60,11,20,21,38,31,9,26,14,34,50
24.03.2022 10:00,13,45,39,57,45,32,12,47,26,9,32,42,31,39,48,28,17,28,41,24,28,37,57,11,23,18,54,50,12,26,9,37,45
24.03.2022 11:00,15,49,38,57,51,35,11,51,9,12,42,47,34,38,31,23,17,34,39,29,29,34,64,11,28,16,47,58,24,26,11,49,38
24.03.2022 12:00,16,44,35,48,37,    # ,11,52,20,18,33,52,36,33,34,28,29,32,40,31,35,33,46,9,30,20,43,47,27,25,14,53,50
24.03.2022 13:00,16,38,23,33,29,27,12,43,17,22,30,47,30,31,34,30,37,26,36,27,36,25,26,8,29,14,37,26,23,26,18,46,41
24.03.2022 14:00,19,33,23,35,    # ,17,10,29,7,20,25,33,23,27,28,20,39,28,36,27,34,22,34,15,24,17,38,31,26,25,19,37,43
24.03.2022 15:00,25,33,23,32,30,19,7,32,2,17,20,32,25,24,28,16,43,32,35,27,36,21,24,25,22,17,26,26,15,24,20,39,30
24.03.2022 16:00,25,31,23,32,25,15,9,30,5,21,17,32,28,23,22,15,24,29,33,27,37,22,24,24,22,21,38,19,18,20,21,31,28
24.03.2022 17:00,25,25,21,31,15,13,10,28,7,20,23,34,30,24,23,12,26,25,31,24,34,22,23,21,23,14,34,20,18,16,19,25,17
24.03.2022 18:00,25,29,23,32,24,11,8,27,15,21,23,24,20,27,24,11,29,31,29,21,32,21,29,29,22,24,39,26,26,13,21,29,30
24.03.2022 19:00,22,26,26,45,26,8,9,27,23,21,22,18,17,30,38,14,30,121,30,21,34,20,35,52,26,44,37,32,43,14,44,32,38
24.03.2022 20:00,17,32,30,46,44,12,6,30,38,41,44,23,21,24,37,24,36,22,44,25,38,22,65,32,24,53,40,41,31,15,33,36,47
24.03.2022 21:00,17,45,32,47,35,25,10,36,55,31,37,29,26,25,40,34,37,25,63,35,40,26,54,39,26,51,36,27,44,14,43,41,47
24.03.2022 22:00,15,41,41,50,42,25,11,41,68,53,41,46,29,27,46,35,52,27,66,51,51,30,53,33,27,43,36,34,36,17,21,42,52
24.03.2022 23:00,15,45,42,53,55,26,11,47,57,23,53,43,30,30,48,26,43,29,60,49,47,29,58,21,23,40,39,26,37,25,29,46,53
24.03.2022 24:00,15,42,45,51,51,24,11,48,59,22,50,40,32,29,51,35,28,30,56,47,53,29,59,18,23,37,39,36,33,26,27,49,76
25.03.2022 01:00,14,39,49,56,59,38,17,51,47,19,57,35,34,29,45,15,22,31,54,46,47,30,53,17,24,35,37,38,26,26,21,52,59
25.03.2022 02:00,15,38,47,51,42,34,13,51,49,17,49,33,31,28,43,16,25,27,47,41,40,30,50,13,23,29,31,34,29,26,22,51,62
25.03.2022 03:00,16,38,39,45,35,33,11,47,43,19,48,29,29,29,48,23,22,26,38,35,35,32,45,12,24,37,25,37,36,25,21,51,54
25.03.2022 04:00,17,38,31,45,30,31,13,40,36,17,40,30,27,30,49,19,26,24,34,31,31,32,39,13,25,33,25,38,33,26,20,52,58
25.03.2022 05:00,15,38,35,47,33,27,13,46,44,16,39,25,26,32,41,23,22,21,33,25,29,31,43,13,25,37,27,38,72,28,19,55,60
25.03.2022 06:00,14,40,36,52,38,32,10,49,45,17,42,32,26,33,42,27,23,19,36,22,25,30,47,14,28,36,29,42,36,30,19,57,54
25.03.2022 07:00,15,44,38,62,47,33,10,51,46,19,40,33,27,37,51,21,24,22,42,23,27,32,48,14,32,46,33,44,36,30,21,55,58
25.03.2022 08:00,15,49,39,65,65,29,14,53,38,17,39,38,31,37,35,36,26,32,42,26,31,35,48,16,38,38,28,49,16,31,22,54,59
25.03.2022 09:00,17,54,43,67,70,35,17,52,42,14,26,44,36,38,65,40,25,28,50,29,39,39,71,17,39,35,50,53,27,32,18,58,66
25.03.2022 10:00,18,53,46,70,57,36,18,52,46,13,36,50,39,48,45,34,22,36,54,34,45,40,61,13,43,21,52,50,40,33,18,61,63
25.03.2022 11:00,21,50,47,68,44,41,14,52,40,17,42,53,40,43,38,32,24,43,60,40,49,37,57,14,46,33,52,34,36,33,20,58,44
25.03.2022 12:00,24,50,45,65,38,35,11,50,54,23,38,56,38,42,43,27,29,44,64,43,55,39,41,15,47,35,58,35,47,31,26,55,50
25.03.2022 13:00,25,48,44,59,40,33,13,48,40,23,30,51,37,41,39,26,32,40,59,41,51,33,31,25,46,32,41,23,34,32,28,53,43
25.03.2022 14:00,28,44,39,54,33,29,10,43,12,27,29,47,35,38,39,30,30,42,48,35,46,33,40,33,41,37,39,26,40,32,30,46,45
25.03.2022 15:00,28,42,31,47,32,21,11,42,33,30,32,39,35,37,39,25,28,32,43,30,39,33,33,46,36,40,34,26,32,31,26,41,33
25.03.2022 16:00,29,42,30,41,23,15,9,43,30,30,29,31,34,36,40,25,26,32,42,31,44,29,32,36,36,28,40,26,35,33,24,39,39
25.03.2022 17:00,32,41,30,39,18,17,10,41,32,30,32,31,33,34,36,23,23,28,42,31,42,28,43,25,37,33,53,29,37,29,22,39,36
25.03.2022 18:00,31,40,26,36,27,11,10,40,36,35,29,32,33,34,37,19,24,29,40,30,39,32,37,27,36,34,54,29,41,25,23,36,43
25.03.2022 19:00,27,42,24,37,20,13,10,38,45,36,40,35,36,33,35,23,26,32,37,28,38,33,40,61,40,39,62,35,53,23,29,38,52
25.03.2022 20:00,21,44,31,41,30,18,14,36,54,30,41,40,40,38,39,33,28,33,43,30,41,33,43,44,50,55,47,31,39,22,33,33,49
25.03.2022 21:00,21,43,35,44,36,23,21,35,38,30,45,44,39,36,37,33,29,37,44,32,45,36,45,30,39,55,45,27,42,22,39,34,45
25.03.2022 22:00,22,38,40,51,34,41,17,38,44,38,44,44,36,37,40,40,28,36,44,35,46,36,45,38,42,53,46,40,51,17,34,35,47
25.03.2022 23:00,26,34,46,57,40,26,18,38,43,39,47,45,36,38,41,39,27,35,46,37,48,37,52,37,41,45,42,20,44,16,33,36,49
25.03.2022 24:00,27,33,51,63,51,31,20,37,43,39,44,43,36,37,40,39,28,37,47,39,50,37,49,27,42,57,42,33,36,20,37,42,49
26.03.2022 01:00,29,30,52,65,55,31,16,39,28,45,45,37,35,34,31,51,29,40,50,39,51,35,41,26,42,54,39,33,34,23,37,42,31
26.03.2022 02:00,30,34,49,62,43,32,14,40,45,46,49,34,35,29,46,40,31,43,54,40,51,33,42,24,42,55,34,36,36,26,33,42,57
26.03.2022 03:00,31,32,46,58,41,30,19,38,39,43,43,33,32,27,34,41,30,45,54,41,51,32,38,20,42,41,33,29,32,30,33,38,42
26.03.2022 04:00,34,32,44,56,41,33,19,38,36,38,44,35,35,28,39,35,31,43,54,42,50,32,42,19,41,39,30,27,33,33,32,41,55
26.03.2022 05:00,36,31,43,54,39,34,17,38,33,40,54,39,34,29,36,44,31,42,52,42,50,31,40,20,40,39,29,31,35,34,34,41,56
26.03.2022 06:00,36,32,43,56,38,32,18,39,34,40,59,42,38,29,35,30,32,42,52,42,49,31,44,20,39,36,29,31,35,36,36,40,62
26.03.2022 07:00,39,34,43,54,36,34,14,39,29,40,44,37,36,32,37,42,34,40,53,43,46,31,42,21,40,37,30,33,28,36,36,39,46
26.03.2022 08:00,37,34,42,55,42,35,17,40,23,40,34,37,33,33,24,39,34,42,53,42,45,31,42,23,42,28,25,31,6,37,33,38,40
26.03.2022 09:00,30,37,43,54,43,35,18,40,29,38,19,35,36,35,27,40,32,44,50,41,46,30,37,20,40,29,35,35,4,37,33,38,42
26.03.2022 10:00,30,38,41,53,48,36,17,41,25,37,34,37,35,34,32,36,30,44,45,40,42,31,44,19,37,28,48,36,17,31,25,40,40
26.03.2022 11:00,32,35,41,52,42,35,14,43,11,35,36,45,37,35,31,36,32,43,49,42,46,33,42,19,29,23,48,29,37,26,27,41,29
26.03.2022 12:00,32,32,41,52,45,38,13,40,40,39,38,50,40,38,33,33,33,44,48,41,47,35,27,25,34,30,42,33,38,24,34,33,40
26.03.2022 13:00,36,31,39,50,39,35,13,31,32,39,23,49,41,37,33,32,31,40,44,39,44,35,31,36,38,29,38,21,26,20,35,22,37
26.03.2022 14:00,32,30,33,43,37,27,12,30,3,31,23,41,36,32,28,34,33,37,38,35,39,32,32,37,35,25,30,25,24,20,31,23,37
26.03.2022 15:00,28,28,30,39,28,23,15,30,12,26,33,33,33,21,29,26,33,36,37,34,37,27,34,33,32,31,29,22,29,17,30,26,30
26.03.2022 16:00,27,25,28,36,26,15,17,32,30,28,27,31,32,16,21,27,32,31,32,29,34,24,40,35,31,26,36,27,37,19,26,25,29
26.03.2022 17:00,32,24,27,35,20,16,15,32,12,28,40,31,26,14,22,21,29,28,30,28,33,21,40,39,32,25,59,27,43,23,22,26,37
26.03.2022 18:00,30,24,28,35,26,14,15,29,7,28,32,18,17,17,29,24,27,27,28,26,31,22,47,62,35,30,65,30,47,28,24,27,37
26.03.2022 19:00,28,24,26,36,23,16,16,30,38,26,34,16,17,25,24,29,29,30,32,29,35,22,40,56,37,35,45,22,59,19,26,32,47
26.03.2022 20:00,27,30,27,38,28,21,21,35,59,24,45,18,25,35,32,31,29,29,32,29,35,23,44,35,34,48,43,18,49,22,32,35,44
26.03.2022 21:00,28,49,31,41,31,32,23,41,69,30,60,19,34,22,29,50,29,29,33,28,36,27,69,37,32,54,64,17,53,16,35,36,40
26.03.2022 22:00,28,41,33,43,39,30,25,38,59,36,64,23,33,24,29,37,28,35,34,30,37,25,81,41,29,55,50,14,49,12,32,26,42
26.03.2022 23:00,29,40,37,47,37,28,22,40,51,34,63,27,34,26,32,40,28,35,37,31,39,22,73,33,29,60,46,11,38,11,32,23,42
26.03.2022 24:00,28,47,41,46,43,34,23,41,55,49,69,40,34,26,29,53,27,39,41,32,49,23,63,33,29,46,37,17,33,12,30,30,50
27.03.2022 01:00,27,46,46,49,42,36,25,46,38,34,57,37,37,24,27,41,29,47,47,37,57,26,58,37,28,45,39,13,25,13,30,35,33
27.03.2022 02:00,24,43,46,47,60,33,21,49,38,26,59,38,36,26,29,35,33,51,45,41,55,29,55,26,29,46,31,17,23,12,30,34,43
27.03.2022 03:00,24,40,54,57,66,37,20,38,35,24,56,36,35,25,25,34,30,47,48,43,58,28,54,25,29,38,33,15,20,12,31,32,46
27.03.2022 04:00,23,41,45,58,51,42,16,36,34,25,45,40,39,26,27,36,29,43,51,43,51,28,53,26,28,42,32,17,29,15,29,29,34
27.03.2022 05:00,23,41,39,54,45,47,18,34,34,23,41,35,39,28,19,36,28,40,49,43,44,28,55,23,27,33,30,14,22,18,29,29,39
27.03.2022 06:00,24,40,38,55,42,37,17,32,30,25,47,35,34,26,26,30,28,35,41,43,37,26,48,24,26,32,33,31,25,19,28,28,30
27.03.2022 07:00,23,39,35,51,44,36,14,31,27,24,41,35,33,26,25,30,27,32,43,41,37,26,53,24,27,30,27,20,22,20,30,28,35
27.03.2022 08:00,22,40,38,49,52,41,17,30,15,25,40,35,34,29,9,29,28,29,42,37,32,26,44,24,26,22,26,12,5,20,26,27,21
27.03.2022 09:00,20,41,36,41,39,30,17,31,21,28,17,29,27,32,13,34,26,28,37,31,28,24,51,22,27,16,42,14,2,22,25,27,23
27.03.2022 10:00,22,33,31,40,39,29,17,32,21,26,26,27,23,29,19,30,27,29,33,29,25,24,43,20,28,14,39,20,2,23,20,29,22
27.03.2022 11:00,23,29,34,45,37,29,14,34,4,24,22,32,25,26,18,29,28,31,33,31,27,26,29,17,26,16,35,10,8,14,23,36,5
27.03.2022 12:00,23,18,33,43,29,26,11,28,14,26,14,38,29,26,14,20,30,31,34,33,30,30,12,16,19,19,29,6,17,10,23,30,11
27.03.2022 13:00,23,13,30,38,26,24,10,23,5,24,3,37,30,26,16,22,32,31,30,28,27,29,3,16,22,16,21,3,12,10,22,18,19
27.03.2022 14:00,21,14,27,36,31,18,7,21,8,21,2,35,28,23,8,19,30,31,31,30,25,26,5,29,22,19,14,2,15,11,17,16,19
27.03.2022 15:00,20,18,25,34,25,20,9,18,12,19,2,31,27,19,5,20,25,26,28,26,25,26,4,29,22,23,15,7,6,12,17,15,15
27.03.2022 16:00,18,17,24,31,20,15,11,17,6,18,2,27,25,18,5,21,22,22,24,22,23,23,3,26,22,20,20,10,3,12,18,11,8
27.03.2022 17:00,20,12,21,26,11,12,10,15,9,17,6,23,22,17,7,16,21,18,21,19,22,21,8,27,22,11,20,6,4,12,18,11,12
27.03.2022 18:00,21,10,20,25,16,11,6,15,3,15,13,18,19,17,11,18,21,21,19,18,20,21,16,27,20,17,34,13,13,12,17,11,16
27.03.2022 19:00,18,12,18,27,23,8,5,15,14,14,12,16,18,22,14,17,24,25,19,17,20,19,26,23,22,15,24,11,31,11,21,13,23
27.03.2022 20:00,15,15,24,35,28,11,6,16,26,16,14,24,22,20,16,22,25,21,23,20,23,21,30,18,28,18,15,8,33,11,16,16,22
27.03.2022 21:00,14,21,28,34,33,18,10,18,24,32,18,27,26,23,21,27,26,22,28,24,25,24,19,21,22,25,24,10,25,11,15,17,22
27.03.2022 22:00,14,19,35,45,35,19,11,20,26,31,20,34,28,26,15,25,32,22,32,27,30,25,25,21,23,20,30,16,28,11,17,20,20
27.03.2022 23:00,13,19,44,47,48,21,10,21,30,23,31,35,27,19,15,30,27,25,39,29,31,24,29,19,23,27,23,12,24,10,18,20,21
27.03.2022 24:00,13,21,42,43,45,30,13,21,32,21,25,35,31,16,16,26,22,28,39,29,25,24,28,21,20,23,17,13,20,11,19,19,20
28.03.2022 01:00,13,18,33,42,51,24,12,23,32,19,17,30,28,16,13,39,19,26,39,26,22,24,23,21,20,22,18,16,20,15,19,20,14
28.03.2022 02:00,13,19,28,37,22,23,12,24,23,19,20,26,24,14,16,24,18,23,36,22,20,25,26,20,21,14,19,9,18,17,21,23,17
28.03.2022 03:00,14,19,27,38,30,30,13,23,17,17,32,24,21,15,14,19,18,20,27,22,20,25,35,16,21,21,15,6,22,15,20,21,21
28.03.2022 04:00,13,24,27,44,33,30,12,23,13,19,35,21,19,16,17,21,17,19,27,23,21,26,39,16,24,20,15,12,38,14,18,19,25
28.03.2022 05:00,14,23,32,54,34,24,10,20,20,25,22,23,23,18,12,27,17,19,27,20,20,27,41,16,25,28,20,14,30,14,19,19,18
28.03.2022 06:00,15,26,37,53,42,29,12,20,22,23,25,27,26,21,19,34,20,19,31,25,20,29,47,19,27,34,20,15,31,14,20,20,20
28.03.2022 07:00,16,33,37,54,56,31,13,22,36,27,24,31,24,22,31,36,24,24,38,28,23,32,51,23,29,35,44,20,25,15,21,23,29
28.03.2022 08:00,15,48,36,55,73,29,14,24,19,27,27,32,26,24,26,30,30,28,45,26,29,34,55,22,30,22,37,20,19,14,22,27,38
28.03.2022 09:00,17,47,37,61,70,34,19,27,17,20,20,33,27,30,32,32,25,27,40,25,27,36,53,19,31,16,26,19,19,14,23,29,43
28.03.2022 10:00,22,39,30,45,40,32,15,26,12,19,20,35,34,31,25,29,24,28,43,29,30,34,41,21,29,35,24,22,20,15,20,30,38
28.03.2022 11:00,20,32,30,45,33,22,17,27,7,23,25,42,34,30,23,30,27,31,43,30,34,34,13,24,30,19,28,18,14,16,25,29,27
28.03.2022 12:00,24,31,30,45,34,22,18,26,22,28,22,47,34,28,24,30,30,34,43,30,35,34,11,24,29,24,24,18,22,17,25,26,34
28.03.2022 13:00,26,31,25,38,22,20,14,24,13,30,25,42,31,26,14,22,34,34,42,32,37,28,    # ,24,29,21,28,14,18,14,27,23,27
28.03.2022 14:00,24,28,23,33,25,17,14,22,5,32,30,40,28,27,18,22,35,30,39,30,36,25,23,35,30,17,29,14,16,15,27,26,36
28.03.2022 15:00,22,26,23,34,25,14,16,22,25,30,27,37,28,27,30,17,29,29,36,27,36,24,24,34,30,23,31,18,20,16,25,24,28
28.03.2022 16:00,20,24,25,29,26,10,12,23,14,30,25,39,33,27,21,20,31,30,37,27,38,25,22,25,30,22,32,11,28,10,24,18,25
28.03.2022 17:00,18,21,22,29,17,14,12,23,8,37,26,40,35,30,27,17,25,26,34,23,35,25,26,24,30,24,42,18,28,11,28,19,27
28.03.2022 18:00,17,23,25,29,21,8,8,20,10,36,26,38,34,31,20,18,24,24,33,22,34,25,25,23,28,28,33,21,29,13,27,15,35
28.03.2022 19:00,18,23,31,37,23,10,7,18,13,33,33,40,34,30,30,21,30,22,35,22,34,30,30,39,57,32,35,19,37,14,24,14,25
28.03.2022 20:00,13,28,30,31,42,16,12,19,38,37,28,48,38,26,36,30,30,25,41,24,30,31,29,52,30,59,42,25,28,17,37,17,34
28.03.2022 21:00,12,33,32,31,34,29,16,21,50,45,40,54,44,30,25,40,32,26,39,25,29,35,26,31,28,42,35,26,34,17,23,26,10
28.03.2022 22:00,15,36,34,37,29,33,17,22,49,42,30,44,36,26,33,32,23,22,30,20,29,36,29,26,30,45,23,24,30,17,29,27,18
28.03.2022 23:00,15,34,31,33,28,24,16,26,43,38,38,42,34,23,30,41,21,19,26,19,26,37,30,27,30,37,3,16,29,17,29,28,26
28.03.2022 24:00,15,31,28,30,23,23,15,31,32,36,42,37,32,21,23,33,21,19,27,19,23,31,41,24,30,31,7,16,26,18,27,29,45
29.03.2022 01:00,16,31,26,30,17,23,12,31,17,32,28,39,31,21,17,25,21,20,30,20,24,29,44,21,29,33,13,14,17,18,24,28,44
29.03.2022 02:00,18,33,28,32,21,21,9,31,17,29,40,33,32,19,22,32,21,22,29,21,25,29,36,24,28,24,24,13,24,17,21,29,24
29.03.2022 03:00,17,33,29,33,26,22,15,29,28,25,40,28,29,20,22,29,21,21,27,21,24,33,34,20,28,27,17,14,22,17,20,26,48
29.03.2022 04:00,17,35,31,35,25,24,13,30,29,26,45,27,27,21,23,33,20,24,27,21,24,33,33,17,28,30,20,15,33,17,19,25,40
29.03.2022 05:00,16,37,32,38,25,22,14,28,34,25,38,41,30,21,21,29,20,21,27,20,23,32,33,17,29,33,30,12,39,18,20,25,30
29.03.2022 06:00,15,40,36,39,32,22,13,29,35,28,43,41,35,24,29,30,29,21,30,32,23,36,47,20,31,42,33,22,36,18,20,25,35
29.03.2022 07:00,16,44,40,40,45,27,14,32,37,32,39,37,36,28,40,39,34,22,35,24,24,40,50,23,34,44,45,28,52,20,24,29,45
29.03.2022 08:00,15,47,38,42,50,24,16,33,25,25,36,41,36,31,33,35,31,26,36,26,28,34,68,25,36,61,55,26,37,20,24,36,61
29.03.2022 09:00,15,50,36,43,58,35,17,34,32,20,40,33,32,35,53,34,29,28,37,23,    # ,31,56,27,37,40,35,25,32,21,23,37,52
29.03.2022 10:00,17,43,30,37,47,26,23,38,34,20,30,34,32,34,58,32,29,25,39,25,    # ,32,35,28,39,30,    # ,22,33,21,20,43,53
29.03.2022 11:00,19,    # ,28,37,33,21,23,42,35,22,36,36,33,34,40,29,30,26,39,26,    # ,32,41,31,39,38,32,10,25,23,21,35,34
29.03.2022 12:00,21,45,28,36,30,21,22,44,43,22,36,41,36,37,29,32,32,28,39,27,    # ,33,37,25,39,38,39,13,23,27,22,33,27
29.03.2022 13:00,21,47,28,38,37,20,21,43,35,23,34,42,37,39,25,29,32,28,39,30,    # ,29,23,28,39,30,41,11,40,28,22,32,43
29.03.2022 14:00,20,46,25,36,29,20,18,38,28,23,37,42,36,39,14,28,26,25,36,26,    # ,25,42,34,40,37,45,8,36,27,19,37,41
29.03.2022 15:00,18,48,25,33,27,18,17,22,31,20,34,42,35,36,16,22,27,26,33,22,    # ,29,40,26,40,29,41,7,36,26,19,35,38
29.03.2022 16:00,19,51,28,34,34,24,18,20,54,20,38,36,31,30,20,20,30,26,34,24,    # ,29,39,25,35,32,66,10,29,27,18,34,43
29.03.2022 17:00,22,46,27,36,36,23,14,16,34,19,34,30,26,29,17,21,28,29,38,27,    # ,32,40,28,25,30,77,13,24,28,21,32,38
29.03.2022 18:00,22,41,32,38,44,28,17,15,20,20,22,32,29,30,17,26,28,29,39,27,    # ,35,28,36,25,36,49,13,31,27,22,28,38
29.03.2022 19:00,18,37,44,48,65,45,17,15,23,24,23,48,42,32,24,31,31,32,43,28,    # ,37,32,35,32,46,6,14,25,16,22,28,28
29.03.2022 20:00,22,31,47,53,68,50,18,17,33,29,26,54,50,35,24,36,31,29,46,30,    # ,42,28,39,32,39,35,24,34,10,23,30,35
29.03.2022 21:00,28,29,44,51,66,58,24,18,33,27,16,51,49,36,16,42,42,35,50,35,    # ,44,27,72,32,33,41,19,38,11,30,30,32
29.03.2022 22:00,30,29,45,48,59,51,26,19,27,33,18,47,46,33,27,40,34,44,59,45,    # ,47,21,28,30,32,31,14,22,10,29,31,35
29.03.2022 23:00,31,29,47,49,56,51,31,20,27,30,21,45,44,33,33,38,35,50,62,49,    # ,48,25,30,30,34,34,11,17,16,27,30,36
29.03.2022 24:00,38,27,47,51,49,48,40,20,27,36,27,44,41,35,27,32,35,46,57,48,    # ,51,40,24,29,35,31,14,20,15,27,30,31
30.03.2022 01:00,36,25,52,56,61,54,44,19,27,71,37,42,39,31,22,34,32,46,58,46,    # ,57,45,23,28,26,20,26,37,16,25,28,34
30.03.2022 02:00,35,27,54,56,59,48,36,19,23,49,26,42,40,29,31,37,31,45,58,46,    # ,62,29,23,28,33,27,15,20,15,26,21,39
30.03.2022 03:00,36,28,51,56,61,53,36,23,29,32,28,41,45,26,39,23,32,46,57,46,    # ,62,37,22,27,31,19,16,30,18,25,14,25
30.03.2022 04:00,38,28,54,59,59,54,38,24,34,30,27,40,40,30,48,32,34,48,60,47,    # ,64,30,20,28,32,23,15,24,18,27,15,30
30.03.2022 05:00,39,30,57,67,75,58,40,34,37,27,24,43,43,31,45,28,36,47,62,48,    # ,63,45,20,28,34,25,19,20,20,26,16,24
30.03.2022 06:00,38,34,57,71,85,57,51,38,41,25,30,47,50,41,47,35,38,47,63,50,    # ,64,50,24,30,37,27,27,16,22,26,17,28
30.03.2022 07:00,38,36,56,66,80,62,53,47,40,25,28,53,46,40,53,38,48,47,71,53,    # ,59,50,29,30,43,30,39,23,22,27,20,38
30.03.2022 08:00,42,37,53,62,66,56,55,49,43,25,33,55,44,42,51,49,57,51,76,56,    # ,60,34,28,32,40,29,43,18,23,33,27,42
30.03.2022 09:00,45,37,52,61,61,51,58,50,42,25,41,50,43,42,45,48,53,52,71,55,    # ,55,59,30,34,40,33,44,18,23,34,39,35
30.03.2022 10:00,44,43,53,61,57,52,64,55,69,25,38,53,43,41,53,52,46,51,67,54,    # ,52,52,32,36,37,30,43,25,26,31,50,    # 
30.03.2022 11:00,44,40,53,68,63,51,62,54,65,32,33,51,43,40,47,52,40,47,66,50,    # ,51,92,30,38,58,33,33,23,27,39,    # ,53
30.03.2022 12:00,40,41,45,60,57,44,56,51,48,38,26,52,42,39,44,46,34,42,60,48,    # ,41,63,29,37,46,27,31,28,26,43,51,49
30.03.2022 13:00,40,39,42,50,48,39,56,47,44,36,22,56,41,42,37,43,30,44,65,47,    # ,32,29,36,36,25,23,    # ,26,22,43,45,46
30.03.2022 14:00,40,35,29,38,35,22,46,36,33,39,29,43,35,44,27,47,19,42,60,44,    # ,30,8,40,34,46,36,15,22,15,41,34,41
30.03.2022 15:00,42,33,33,41,23,17,37,24,20,42,28,29,26,41,5,42,14,41,60,45,    # ,26,49,43,34,46,30,18,25,12,43,27,33
30.03.2022 16:00,39,33,33,40,28,22,28,18,20,42,17,22,19,38,5,37,14,43,61,43,    # ,21,30,56,33,47,33,14,21,11,43,25,27
30.03.2022 17:00,38,26,21,27,26,14,29,13,12,43,27,17,13,19,2,32,21,39,64,42,    # ,22,48,63,35,40,36,8,26,15,42,16,18
30.03.2022 18:00,31,20,13,21,17,10,27,12,12,41,20,18,14,10,2,26,21,37,53,38,    # ,23,22,48,35,28,20,7,29,16,41,8,22
30.03.2022 19:00,28,23,14,21,15,8,26,12,5,41,14,26,17,15,2,19,13,40,56,38,    # ,16,28,47,33,25,7,8,22,12,39,9,17
30.03.2022 20:00,28,13,18,26,13,10,27,12,2,47,12,24,20,31,2,13,13,35,60,32,    # ,14,9,67,36,29,10,7,11,11,42,9,16
30.03.2022 21:00,13,11,23,27,11,12,21,12,2,51,5,29,28,31,3,11,15,11,22,11,    # ,18,7,65,40,24,11,12,8,11,38,11,18
30.03.2022 22:00,10,12,31,40,16,12,19,11,2,46,2,27,20,28,2,12,23,9,19,12,    # ,21,2,60,41,26,10,11,3,6,40,13,17
30.03.2022 23:00,10,11,26,28,11,11,11,11,5,46,2,25,20,20,3,13,19,13,22,15,    # ,21,2,26,39,24,3,13,2,6,36,14,10
30.03.2022 24:00,11,11,27,31,12,9,13,11,4,45,3,20,18,19,7,15,19,21,27,21,    # ,22,2,25,38,15,2,8,2,3,37,11,13
31.03.2022 01:00,12,14,29,33,15,10,13,13,4,45,6,23,21,18,10,12,16,26,33,25,    # ,28,7,18,39,20,6,9,4,3,38,9,9
31.03.2022 02:00,14,16,29,35,15,13,15,14,6,45,9,28,20,21,12,14,17,28,38,30,22,32,11,18,48,18,6,10,8,3,33,12,19
31.03.2022 03:00,23,17,30,36,18,15,16,14,13,33,11,32,19,21,17,14,27,29,43,34,22,32,13,17,50,16,8,12,11,3,26,13,22
31.03.2022 04:00,27,18,30,39,17,17,12,14,15,29,13,34,18,19,12,24,21,26,42,33,21,29,23,19,47,16,14,7,13,3,24,14,23
31.03.2022 05:00,23,19,28,38,23,17,13,14,16,33,14,34,17,19,14,25,17,29,40,31,20,29,24,20,41,10,12,14,13,2,25,17,19
31.03.2022 06:00,23,22,25,37,24,20,17,16,18,32,18,31,16,18,14,20,18,29,43,32,20,30,37,20,39,8,17,12,12,2,24,18,22
31.03.2022 07:00,24,22,26,37,22,17,18,17,20,31,19,32,17,18,13,19,22,29,47,39,21,34,46,39,40,10,19,11,10,3,25,18,28
31.03.2022 08:00,25,19,27,40,31,21,17,17,25,34,17,31,19,16,14,19,25,28,56,43,22,36,24,35,39,12,20,15,13,2,27,20,28
31.03.2022 09:00,22,20,30,40,35,17,16,18,14,35,20,34,20,15,14,13,24,25,57,38,27,29,27,30,38,12,19,15,12,2,28,20,20
31.03.2022 10:00,18,23,36,54,39,18,18,17,19,30,11,33,18,12,14,20,27,24,47,34,27,23,31,25,32,12,16,13,14,2,28,20,25
31.03.2022 11:00,22,21,36,54,32,22,15,18,20,29,18,31,18,12,11,11,25,23,37,27,25,22,27,26,26,14,13,11,8,2,29,20,25
31.03.2022 12:00,24,20,31,45,38,25,19,19,17,26,14,27,17,13,16,    # ,23,21,36,28,25,25,25,33,19,8,12,12,4,3,28,19,29
31.03.2022 13:00,25,19,28,40,28,23,12,23,15,23,9,19,14,13,17,13,19,23,33,27,25,21,8,24,17,9,10,10,5,2,18,18,23
31.03.2022 14:00,24,17,30,44,31,19,9,22,11,16,13,16,11,11,15,19,19,19,31,24,25,16,20,14,12,12,13,11,10,2,15,18,29
31.03.2022 15:00,19,16,29,44,29,19,3,22,11,13,11,16,9,10,10,22,30,18,24,21,21,15,20,9,9,12,11,13,17,2,17,18,28
31.03.2022 16:00,17,14,31,49,29,22,8,19,13,15,10,14,8,13,9,20,31,16,22,21,21,15,13,19,8,11,11,16,16,2,17,19,29
31.03.2022 17:00,13,12,30,48,30,23,8,16,15,17,13,14,9,12,7,17,25,14,23,22,18,19,25,13,8,16,13,16,8,3,11,21,29
31.03.2022 18:00,11,11,25,41,28,22,13,14,10,15,5,13,9,11,7,19,17,15,27,24,21,22,30,13,8,14,11,12,11,3,12,22,27
31.03.2022 19:00,12,9,22,36,22,18,13,14,10,13,9,14,10,10,7,12,14,17,28,26,23,24,16,18,6,13,12,16,13,4,12,19,24
31.03.2022 20:00,25,9,23,37,24,18,4,14,9,13,9,14,10,8,12,14,8,15,28,26,22,24,19,19,5,12,13,10,10,3,8,17,27
31.03.2022 21:00,22,11,18,29,19,16,3,16,9,12,9,13,10,8,12,17,6,14,23,21,18,22,15,17,5,9,13,7,9,3,6,14,18
31.03.2022 22:00,16,10,18,28,16,15,2,18,12,11,9,11,8,8,12,8,3,13,20,18,15,19,13,23,5,7,13,7,6,4,5,11,20
31.03.2022 23:00,7,10,21,35,15,12,2,17,11,7,7,10,7,7,11,5,3,13,18,16,12,3,12,23,6,9,15,11,5,6,6,14,20
31.03.2022 24:00,3,12,21,34,19,20,2,17,13,7,6,11,8,7,9,7,3,10,15,12,9,2,11,33,6,7,10,10,6,4,6,14,19
